Company,Post Money Value,Total Equity Funding,Lead Investors Include,Country,Continent
ByteDance,$220B,$8B,"Kohlberg Kravis Roberts Japan, Sequoia Capital",China,Asia
Ant Group,$150B,$19B,"GIC, KG Investments",China,Asia
SpaceX,$125B,$9B,Mirae Asset Venture Investment,United States,North America
Shein,$100B,$2B,"Sequoia Capital China, Tiger Global Management",China,Asia
Stripe,$50B,$9B,"Andreessen Horowitz, Baillie Gifford",United States,North America
Klarna,$7B,$4B,SoftBank Vision Fund,Sweden,Europe
Canva,$40B,$572M,T. Rowe Price,Australia,Oceania
Checkout.com,$40B,$2B,Tiger Global Management,United Kingdom,Europe
Instacart,$39B,$3B,"Andreessen Horowitz, D1 Capital Partners",United States,North America
JUUL,$38B,$14B,Altria,United States,North America
Databricks,$38B,$3B,Counterpoint Global,United States,North America
Revolut,$33B,$2B,Woodford Investment Management,United Kingdom,Europe
Epic Games,$32B,$6B,"KIRKBI, Sony",United States,North America
Cruise,$30B,$8B,General Motors,United States,North America
Waymo,$30B,$6B,"Fidelity Management and Research Company, Perry Creek Capital",United States,North America
Alibaba Bendi Shenghuo Fuwu Gongsi,$30B,$4B,"Alibaba Group, SoftBank Vision Fund",China,Asia
Fanatics,$31B,$5B,Clearlake Capital Group,United States,North America
Chime,$25B,$2B,Sequoia Capital Global Equities,United States,North America
BYJU’S,$22B,$5B,Qatar Investment Authority,India,Asia
Xiaohongshu,$20B,$918M,"Temasek Holdings, Tencent",China,Asia
J&T Express,$20B,$5B,"Boyu Capital, Hillhouse Capital Group",Indonesia,Asia
Lineage Logistics,$18B,$7B,D1 Capital Partners,United States,North America
JD Digits,$18B,$5B,"APOFCO, CICC",China,Asia
Miro,$18B,$476M,ICONIQ Capital,United States,North America
Yuanfudao,$17B,$4B,YF Capital,China,Asia
Trendyol Group,$17B,$2B,"General Atlantic, SoftBank Vision Fund",Turkey,Europe
Discord,$15B,$979M,Dragoneer Investment Group,United States,North America
Gopuff,$15B,$3B,Robert Iger,United States,North America
Rapyd,$15B,$770M,"Tal Ventures, Target Global",United Kingdom,Europe
Genki Forest,$15B,$721M,Temasek Holdings,China,Asia
CloudKitchens,$15B,$1B,Saudi Arabia's Public Investment Fund,United States,North America
Blockchain.com,$14B,$490M,Kingsway Capital,United Kingdom,Europe
Plaid,$13B,$734M,Altimeter Capital,United States,North America
OpenSea,$13B,$427M,"Coatue, Paradigm",United States,North America
Grammarly,$13B,$400M,"Baillie Gifford, BlackRock",United States,North America
Devoted Health,$13B,$2B,"SoftBank Vision Fund, Uprising Ventures",United States,North America
Faire,$13B,$2B,"D1 Capital Partners, Dragoneer Investment Group",United States,North America
Brex,$12B,$1B,"Greenoaks, TCV",,
GoodLeap,$12B,$ 0.00,,United States,North America
Biosplice Therapeutics,$12B,$778M,"aMoon Fund, Eventide",United States,North America
Xingsheng Youxuan,$12B,$5B,Ontario Teachers' Pension Plan,China,Asia
Bitmain,$15B,$765M,Crimson Ventures,China,Asia
Getir,$12B,$2B,"Mubadala, Tiger Global Management",Turkey,Europe
Northvolt,$12B,$4B,"Andra AP-fonden, First Swedish National Pension Fund",Sweden,Europe
Airtable,$12B,$1B,XN,United States,North America
Celonis,$13B,$2B,Qatar Investment Authority,Germany,Europe
Bolt,$11B,$972M,"General Atlantic, Westcap",United States,North America
Swiggy,$11B,$4B,Invesco,India,Asia
Notion,$10B,$343M,"Coatue, Sequoia Capital",United States,North America
Alchemy,$10B,$564M,"Lightspeed Venture Partners, Silver Lake",United States,North America
Digital Currency Group,$10B,$ 0.00,OMERS Ventures,United States,North America
Ripple,$10B,$294M,Tetragon Financial Group Limited,United States,North America
Reddit,$10B,$1B,Fidelity Management and Research Company,United States,North America
Zuoyebang,$10B,$3B,"FountainVest Partners, Tiger Global Management",China,Asia
Chehaoduo,$10B,$4B,"H Capital Advance, Sequoia Capital China",China,Asia
Talkdesk,$10B,$497M,Viking Global Investors,United States,North America
Thrasio,$10B,$2B,"Advent International, Silver Lake",United States,North America
Lalamove,$10B,$2B,"Hillhouse Capital Group, Sequoia Capital China",Hong Kong,Asia
OYO,$10B,$3B,Microsoft,India,Asia
OutSystems,$4B,$802M,Kohlberg Kravis Roberts,United States,North America
Gusto,$10B,$746M,Friends & Family Capital,United States,North America
ServiceTitan,$10B,$1B,Thoma Bravo,United States,North America
Klaviyo,$9B,$779M,Shopify,United States,North America
N26,$9B,$2B,"Coatue, Third Point Ventures",Germany,Europe
Niantic,$9B,$770M,Coatue,United States,North America
Tanium,$9B,$775M,Salesforce Ventures,United States,North America
Yanolja,$9B,$2B,SoftBank Vision Fund,South Korea,Asia
Zeekr,$13B,$2B,"Geely, Geely Auto Group",China,Asia
Ping An Healthcare Management,$9B,$1B,"SBI Group, SoftBank Vision Fund",China,Asia
Kavak,$9B,$2B,General Catalyst,Mexico,North America
Snyk,$7B,$1B,ServiceNow,United States,North America
Nuro,$9B,$2B,Tiger Global Management,United States,North America
Dunamu,$12B,$741M,IMM Investment,South Korea,Asia
Pony.ai,$9B,$1B,Ontario Teachers' Pension Plan,United States,North America
Bolt,$8B,$2B,"Fidelity Management and Research Company, Sequoia Capital",Estonia,Europe
Tipalti,$8B,$549M,G Squared,United States,North America
Lacework,$8B,$2B,Google Ventures,United States,North America
The CrownX,$8B,$750M,"Alibaba Group, Baring Private Equity Asia",Vietnam,Asia
Ramp,$8B,$667M,Founders Fund,United States,North America
Tempus,$8B,$920M,Google,United States,North America
DJI,$8B,$105M,Accel,China,Asia
Flexport,$8B,$2B,"Andreessen Horowitz, MSD Partners",United States,North America
Fireblocks,$8B,$1B,"D1 Capital Partners, Spark Capital",United States,North America
THG Ingenuity,$8B,$2B,SoftBank,United Kingdom,Europe
Caris Life Sciences,$8B,$1B,Sixth Street Partners,United States,North America
Hopin,$8B,$1B,"Altimeter Capital, Arena Holdings",United Kingdom,Europe
CALB,$8B,$2B,,China,Asia
AutoStore,$8B,$ 0.00,,Norway,Europe
Jiedaibao,$8B,$694M,,China,Asia
Dapper Labs,$8B,$613M,Coatue,Canada,North America
Netskope,$8B,$1B,Morgan Stanley,United States,North America
Razorpay,$7B,$742M,"Alkeon Capital, Lone Pine Capital",India,Asia
Toss,$7B,$1B,Tonic Private Equity,South Korea,Asia
Carta,$7B,$1B,Silver Lake,United States,North America
Kakao Japan,$7B,$652M,Anchor Equity Partners,Japan,Asia
Scale AI,$7B,$603M,"Dragoneer Investment Group, Greenoaks",United States,North America
Gong,$7B,$583M,Franklin Templeton Investments,United States,North America
Navan,$9B,$1B,Greenoaks,United States,North America
Gemini,$7B,$424M,Draper Dragon,United States,North America
NYDIG,$7B,$1B,WestCap,United States,North America
ConsenSys,$7B,$660M,ParaFi Capital,United States,North America
Ro,$7B,$1B,ShawSpring Partners,United States,North America
Impossible Foods,$7B,$2B,Mirae Asset,United States,North America
Meicai,$7B,$1B,"Hillhouse Capital Group, Shunwei Capital",China,Asia
Constellation Automotive Group,$7B,$1B,,United Kingdom,Europe
Attentive,$7B,$863M,Coatue,United States,North America
1Password,$7B,$920M,ICONIQ Growth,Canada,North America
Automation Anywhere,$7B,$849M,"Arctic Ventures, Mindrock Capital",United States,North America
Ola,$7B,$4B,"Arrow Capital Partners, Axis Asset Management Company",India,Asia
Ziroom,$7B,$2B,SoftBank Vision Fund,China,Asia
CRED,$6B,$801M,GIC,India,Asia
Rippling,$11B,$1B,Greenoaks,United States,North America
Mollie,$6B,$928M,Blackstone Group,The Netherlands,Europe
Doctolib,$6B,$815M,Eurazeo,France,Europe
Personio,$8B,$724M,Greenoaks,Germany,Europe
Upgrade,$6B,$587M,"Coatue, DST Global",United States,North America
DataRobot,$6B,$1B,"Altimeter Capital, Tiger Global Management",United States,North America
Hinge Health,$6B,$826M,"Coatue, Tiger Global Management",United States,North America
Benchling,$6B,$412M,"Altimeter Capital, Franklin Templeton Investments",United States,North America
CMC,$6B,$2B,"Alibaba Group, Tencent",China,Asia
Lianjia,$6B,$1B,Vanke,China,Asia
Wiz,$10B,$900M,"Greenoaks, Index Ventures",Israel,Asia
Better.com,$6B,$405M,L Catterton,United States,North America
iCapital Network,$6B,$729M,Bank of America,United States,North America
OneStream Software,$6B,$200M,D1 Capital Partners,United States,North America
Didi Woya,$6B,$1B,Guangzhou Automobile Group,China,Asia
Lyra Health,$6B,$910M,Dragoneer Investment Group,United States,North America
Vice Media,$6B,$1B,TPG,United States,North America
Cityblock Health,$6B,$891M,SoftBank,United States,North America
Workato,$6B,$415M,Battery Ventures,United States,North America
Back Market,$518B,$1B,Sprints,France,Europe
RELEX Solutions,$6B,$803M,Blackstone Group,Finland,Europe
Postman,$6B,$433M,Insight Partners,United States,North America
Fivetran,$6B,$728M,Andreessen Horowitz,United States,North America
PharmEasy,$6B,$1B,Vestin Wolf Capital Management,India,Asia
Mambu,$6B,$448M,EQT,Germany,Europe
Airwallex,$6B,$902M,Lone Pine Capital,Australia,Oceania
Deel,$12B,$679M,Coatue,United States,North America
WeDoctor,$7B,$1B,"Millennium Management, Sequoia Capital China",China,Asia
CloudWalk Technology,$5B,$514M,"Oriza Holdings, Puhua Capital",China,Asia
OneTrust,$5B,$970M,SoftBank Vision Fund,United States,North America
Trade Republic,$5B,$1B,Ontario Teachers' Pension Plan,Germany,Europe
Rappi,$5B,$2B,T. Rowe Price,Colombia,South America
Collibra,$5B,$596M,"Sequoia Capital Global Equities, Sofina",Belgium,Europe
6sense,$5B,$426M,"Blue Owl, MSD Partners",United States,North America
QuintoAndar,$5B,$755M,"Greenoaks, Tencent",Brazil,South America
SambaNova Systems,$5B,$1B,SoftBank Vision Fund,United States,North America
Xiaodu,$5B,$ 0.00,China Structural Reform Fund,China,Asia
Pine Labs,$5B,$963M,Vitruvian Partners,India,Asia
United Imaging Healthcare,$5B,$503M,SDIC Fund Management,China,Asia
C6 Bank,$5B,$2B,JPMorgan Chase & Co.,Brazil,South America
Qonto,$5B,$709M,"TCV, Tiger Global Management",France,Europe
Hopper,$5B,$695M,Capital One Ventures,Canada,North America
OfBusiness,$5B,$734M,"Alpha Wave Global, SoftBank Vision Fund",India,Asia
Icertis,$5B,$291M,Silicon Valley Bank,United States,North America
Octopus Energy,$5B,$2B,Canada Pension Plan Investment Board,United Kingdom,Europe
VerSe Innovation,$5B,$2B,"CPP Investments, Google",India,Asia
BetterUp,$5B,$567M,"ICONIQ Growth, Lightspeed Venture Partners",United States,North America
Moon Active,$5B,$ 0.00,,Israel,Asia
Zepz,$5B,$655M,Farallon Capital Management,United Kingdom,Europe
UBTech Robotics,$4B,$943M,Tencent,China,Asia
WeBank,$5B,$183M,Tencent,China,Asia
WeWork China,$5B,$1B,Trustbridge Partners,China,Asia
Royole Corporation,$5B,$492M,Yingke Capital,China,Asia
Cockroach Labs,$5B,$633M,Greenoaks,United States,North America
Ola Electric,$5B,$761M,Temasek Holdings,India,Asia
Creditas,$5B,$874M,Andbank,Brazil,South America
Chipone Technology,$5B,$1B,Oceanpine Capital,China,Asia
Binance.US,$5B,$200M,,United States,North America
Pleo,$5B,$428M,Coatue,Denmark,Europe
Checkr,$5B,$679M,Durable Capital Partners,United States,North America
Dataiku,$4B,$847M,Wellington Management,United States,North America
Color,$5B,$482M,"Kindred Ventures, T. Rowe Price",United States,North America
Anduril Industries,$8B,$2B,Valor Equity Partners,United States,North America
Lendable,$5B,$286M,Ontario Teachers' Pension Plan,United Kingdom,Europe
Vinted,$5B,$562M,EQT,Lithuania,Europe
Socure,$5B,$644M,"Accel, T. Rowe Price",United States,North America
Sierra Space,$5B,$1B,"Coatue, General Atlantic",United States,North America
VIPKID,$5B,$1B,Tencent,China,Asia
Monzo,$5B,$1B,Abu Dhabi Growth Fund,United Kingdom,Europe
Ruipeng Pet Healthcare,$4B,$37M,Nestlé Health Science,China,Asia
WeRide,$5B,$1B,China Development Bank Capital,China,Asia
Outreach,$4B,$489M,"PremjiInvest, Steadfast Capital Management",United States,North America
Sorare,$4B,$739M,SoftBank,France,Europe
Lenskart,$5B,$1B,Abu Dhabi Investment Authority,India,Asia
Arctic Wolf,$4B,$498M,Owl Rock Capital,United States,North America
Cerebras Systems,$4B,$715M,Alpha Wave Ventures,United States,North America
Kakao Mobility,$4B,$1B,GS Retail,South Korea,Asia
G-P/Globalization Partners,$4B,$350M,Vista Credit Partners,United States,North America
ThoughtSpot,$4B,$664M,March Capital,United States,North America
dbt Labs,$4B,$414M,Altimeter Capital,United States,North America
Chainalysis,$9B,$537M,GIC,United States,North America
Relativity Space,$4B,$1B,Fidelity Management and Research Company,United States,North America
Biocon Biologics,$6B,$632M,Serum Life Sciences,India,Asia
SSENSE,$4B,$ 0.00,Sequoia Capital China,Canada,North America
Bitpanda,$4B,$546M,Valar Ventures,Austria,Europe
Dataminr,$4B,$1B,Fidelity,United States,North America
Weee!,$4B,$863M,SoftBank Vision Fund,United States,North America
Wealthsimple,$4B,$900M,"Greylock, Meritech Capital Partners",Canada,North America
Horizon Robotics,$4B,$2B,Chery Automobile,China,Asia
Kraken,$4B,$120M,"2B Global Capital, Venture Garage",United States,North America
Turing.com,$4B,$136M,AltaIR Capital,United States,North America
AngelList Talent,$4B,$170M,"Accomplice, Tiger Global Management",United States,North America
Branch,$4B,$667M,New Enterprise Associates,United States,North America
Yuga Labs,$4B,$450M,a16z crypto,United States,North America
Houzz,$4B,$614M,ICONIQ Capital,United States,North America
Vuori,$4B,$445M,SoftBank Vision Fund,United States,North America
Next Insurance,$4B,$881M,"Battery Ventures, FinTLV Ventures",United States,North America
BrowserStack,$4B,$250M,Bond,Ireland,Europe
PointClickCare,$5B,$230M,Hellman & Friedman,Canada,North America
Webflow,$4B,$335M,Y Combinator Continuity Fund,United States,North America
Clubhouse,$4B,$110M,Andreessen Horowitz,United States,North America
ClickUp,$4B,$535M,"Andreessen Horowitz, Tiger Global Management",United States,North America
Patreon,$4B,$413M,Tiger Global Management,United States,North America
Olive,$4B,$856M,Vista Equity Partners,United States,North America
MEGVII,$4B,$1B,Bank of China Group Investment,China,Asia
Aurora Solar,$4B,$523M,"Coatue, Energize Ventures",United States,North America
Melio,$4B,$504M,"General Catalyst, Thrive Capital",United States,North America
Rubrik,$4B,$553M,Microsoft,United States,North America
Zapier,$4B,$1M,,United States,North America
Jubao Internet Technology,$4B,$200M,RRJ Capital,China,Asia
InsightSoftware,$4B,$799M,Hg,United States,North America
MoonPay,$3B,$648M,"Coatue, Tiger Global Management",United States,North America
Hozon,$4B,$2B,"CRRC, Shenzhen Capital Group",China,Asia
Dutchie,$4B,$603M,D1 Capital Partners,United States,North America
Medlinker,$4B,$761M,Sino Biopharmaceutical,China,Asia
Farmers Business Network,$4B,$918M,Fidelity Management and Research Company,United States,North America
Yunwang Wandian,$4B,$912M,Shenzhen Capital Group,China,Asia
StockX,$4B,$495M,Altimeter Capital,United States,North America
Qontigo,$4B,$720M,General Atlantic,Germany,Europe
Guild Education,$4B,$643M,Wellington Management,United States,North America
Articulate,$4B,$2B,General Atlantic,United States,North America
FalconX,$8B,$474M,"B Capital Group, GIC",United States,North America
Yandex.Taxi,$4B,$325M,"Uber, Yandex",The Netherlands,Europe
VAST Data,$4B,$263M,Tiger Global Management,United States,North America
Papaya Global,$4B,$440M,"Insight Partners, Tiger Global Management",United States,North America
ShareChat,$5B,$2B,Times Internet,India,Asia
Intarcia Therapeutics,$4B,$1B,GGV Capital,United States,North America
Noom,$4B,$659M,Silver Lake,United States,North America
Redwood Materials,$4B,$792M,Ford Motor,United States,North America
Goat Group,$4B,$493M,Park West Asset Management,United States,North America
Course Hero,$4B,$477M,Wellington Management,United States,North America
Relativity,$4B,$125M,Silver Lake,United States,North America
Applied Intuition,$4B,$352M,"Addition, Coatue",United States,North America
WHOOP,$4B,$404M,SoftBank Vision Fund,United States,North America
Ottobock,$4B,$ 0.00,EQT,Germany,Europe
Handshake,$4B,$434M,"Coatue, Valiant Peregrine Fund",United States,North America
Rec Room,$4B,$294M,Coatue,United States,North America
Flock Safety,$4B,$381M,Tiger Global Management,United States,North America
Coalition,$5B,$755M,"Allianz X, Kinetic Partners",United States,North America
Indigo,$4B,$1B,"Alaska Permanent Fund, Flagship Pioneering",United States,North America
Commure,$4B,$542M,"Greenoaks, Human Capital",United States,North America
Chargebee,$4B,$468M,"Sequoia Capital India, Tiger Global Management",United States,North America
Tekion,$4B,$435M,"Alkeon Capital, Durable Capital Partners",United States,North America
Highspot,$4B,$643M,"B Capital Group, D1 Capital Partners",United States,North America
Mirakl,$4B,$948M,Silver Lake,France,Europe
Digit Insurance,$4B,$586M,Sequoia Capital India,India,Asia
Unacademy,$3B,$789M,Temasek Holdings,India,Asia
GoStudent,$3B,$685M,Prosus,Austria,Europe
Armis Security,$3B,$537M,One Equity Partners,United States,North America
Eruditus Executive Education,$3B,$591M,"Accel, SoftBank Vision Fund",India,Asia
Hive Box,$3B,$1B,"Asia Forge (Cayman), Trustbridge Partners",China,Asia
Starburst,$3B,$414M,Alkeon Capital,United States,North America
Youxia Motors,$3B,$1B,Gezhi Asset Management,China,Asia
OwnBackup,$3B,$507M,"Alkeon Capital, B Capital Group",United States,North America
Komodo Health,$3B,$514M,Coatue,United States,North America
Via,$4B,$887M,83North,United States,North America
Market Kurly,$2B,$767M,Anchor Equity Partners,South Korea,Asia
Uber Freight,$3B,$1B,Greenbriar Equity Group,United States,North America
Carbon Health,$3B,$623M,CVS Health Ventures,United States,North America
Sinovac Life Sciences,$3B,$500M,Sino Biopharmaceutical,China,Asia
Sila Nanotechnologies,$3B,$880M,Coatue,United States,North America
MicroPort Medbot,$3B,$512M,Hillhouse Capital Group,China,Asia
Du Xiaoman Financial,$3B,$2B,TPG,China,Asia
Blockdaemon,$3B,$431M,"Sapphire Ventures, Tiger Global Management",United States,North America
Qi An Xin,$3B,$522M,"IDG Capital, Xicheng Jinrui",China,Asia
Wanda E-Commerce,$3B,$975M,WANDA Group,China,Asia
CARS24,$3B,$1B,Alpha Wave Global,India,Asia
Figure,$3B,$447M,"10T Holdings, Morgan Creek Digital",United States,North America
Skims,$3B,$399M,Lone Pine Capital,United States,North America
Blockstream,$3B,$299M,Kingsway Capital,Canada,North America
Innovaccer,$3B,$379M,Mubadala Capital Ventures,United States,North America
Thumbtack,$3B,$698M,Qatar Investment Authority,United States,North America
Cedar,$3B,$394M,Memorial Hermann Foundation,United States,North America
ApplyBoard,$3B,$491M,Ontario Teachers' Pension Plan,Canada,North America
Ironclad,$3B,$334M,Franklin Templeton Investments,United States,North America
SpotOn,$4B,$918M,Dragoneer Investment Group,United States,North America
PsiQuantum,$3B,$665M,BlackRock,United States,North America
Lazada Group,$11B,$3B,Alibaba Group,Singapore,Asia
HighRadius,$3B,$475M,"D1 Capital Partners, Tiger Global Management",United States,North America
Nuvemshop,$3B,$628M,"Insight Partners, Tiger Global Management",Brazil,South America
Udaan,$3B,$1B,EvolutionX,India,Asia
Mixuebingcheng,$3B,$309M,"Hillhouse Capital Group, Longzhu Capital",China,Asia
Amber Group,$3B,$628M,Fenbushi Capital,Hong Kong,Asia
Grafana Labs,$3B,$535M,GIC,United States,North America
Flutterwave,$3B,$474M,B Capital Group,United States,North America
Worldcoin,$3B,$125M,,Germany,Europe
Tinder,$3B,$ 0.00,Benchmark,United States,North America
Cross River,$3B,$775M,"Andreessen Horowitz, Eldridge",United States,North America
MessageBird,$3B,$1B,Spark Capital,The Netherlands,Europe
Anchorage Digital,$3B,$487M,Kohlberg Kravis Roberts,United States,North America
LaunchDarkly,$3B,$330M,Lead Edge Capital,United States,North America
Automattic,$3B,$859M,"Alta Park Capital, BlackRock",United States,North America
Contentful,$3B,$333M,Tiger Global Management,Germany,Europe
Calendly,$3B,$351M,OpenView,United States,North America
Podium,$3B,$419M,Y Combinator Continuity Fund,United States,North America
wefox,$5B,$1B,Mubadala,Germany,Europe
Circle,$8B,$1B,Alameda Research,United States,North America
Lucid Software,$3B,$170M,ICONIQ Capital,United States,North America
Trax,$2B,$1B,"BlackRock, SoftBank Vision Fund",Singapore,Asia
Helion Energy,$3B,$573M,Sam Altman,United States,North America
Wildlife Studios,$3B,$260M,Vulcan Capital,Brazil,South America
Inxeption,$3B,$187M,Schonfeld Strategic Advisors,United States,North America
FlixBus,$3B,$1B,Canyon Partners,Germany,Europe
Paytm Mall,$3B,$795M,eBay,India,Asia
Sky Mavis,$3B,$311M,Binance,Vietnam,Asia
Age of Learning,$3B,$500M,TPG,United States,North America
Grab Financial Group,$3B,$5B,Hanwha Asset Management,Singapore,Asia
ofo,$3B,$2B,Alibaba Group,China,Asia
TradingView,$3B,$339M,Tiger Global Management,United Kingdom,Europe
KK Group,$3B,$612M,JD.com,China,Asia
Seismic,$3B,$447M,Permira,United States,North America
Groww,$3B,$393M,ICONIQ Growth,India,Asia
ActiveCampaign,$3B,$360M,Tiger Global Management,United States,North America
Didi Freight,$3B,$2B,"CPE, IDG Capital",China,Asia
VANCL,$3B,$522M,Jun Lei,China,Asia
Forter,$3B,$525M,Tiger Global Management,United States,North America
Miaopai,$3B,$775M,"SINA Corporation, Weibo",China,Asia
Outschool,$3B,$240M,"Bond, Tiger Global Management",United States,North America
Singulato Motors,$3B,$1B,ITOCHU Corporation,China,Asia
Alibaba Music,$3B,$ 0.00,,China,Asia
Lattice,$3B,$329M,"Dragoneer Investment Group, Elad Gil",United States,North America
CMR Surgical,$3B,$975M,"Ally Bridge Group, SoftBank Vision Fund",United Kingdom,Europe
Yipin Fresh,$3B,$659M,"Capital Today, Tencent",China,Asia
Souche,$3B,$1B,"5Y Capital, Primavera Capital Group",China,Asia
LY.com,$3B,$2B,Overseas Chinese Town Holdings,China,Asia
DuerOS,$3B,$295M,,China,Asia
Workrise,$3B,$722M,Baillie Gifford,United States,North America
Loft,$3B,$788M,"Baillie Gifford, D1 Capital Partners",Brazil,South America
China UnionPay Merchant Services,$3B,$319M,Everbright-IDG Industrial Fund,China,Asia
DriveWealth,$3B,$551M,"Accel, Insight Partners",United States,North America
Flink Food,$3B,$1B,DoorDash,Germany,Europe
Transmit Security,$3B,$583M,"General Atlantic, Insight Partners",United States,North America
BharatPe,$3B,$600M,Tiger Global Management,India,Asia
OakNorth Credit Intelligence,$3B,$1B,SoftBank Vision Fund,United Kingdom,Europe
Contentsquare,$6B,$1B,Sixth Street Partners,France,Europe
Graphcore,$3B,$682M,Ontario Teachers' Pension Plan,United Kingdom,Europe
Traveloka,$3B,$1B,PTT Oil and Retail Business Public Company,Indonesia,Asia
Convoy,$4B,$826M,"Baillie Gifford, T. Rowe Price",United States,North America
Illumio,$3B,$558M,Thoma Bravo,United States,North America
MasterClass,$3B,$461M,Fidelity Management and Research Company,United States,North America
Zipline,$4B,$813M,"Baillie Gifford, Katalyst Ventures",United States,North America
Dream Games,$3B,$468M,Index Ventures,Turkey,Europe
o9 Solutions,$3B,$417M,Kohlberg Kravis Roberts,United States,North America
Ethos,$3B,$414M,SoftBank Vision Fund,United States,North America
Nextiva,$3B,$200M,Goldman Sachs Asset Management,United States,North America
Karrot Market,$3B,$235M,DST Global,South Korea,Asia
Sourcegraph,$3B,$248M,Andreessen Horowitz,United States,North America
Airtel Mobile Commerce BV,$3B,$300M,Mastercard,The Netherlands,Europe
JumpCloud,$3B,$407M,Sapphire Ventures,United States,North America
project44,$3B,$898M,"A.P. Moller Holding, Generation Investment Management",United States,North America
Axonius,$3B,$395M,Accel,United States,North America
Clari,$3B,$496M,Blackstone Group,United States,North America
Plume Design,$3B,$697M,SoftBank Vision Fund,United States,North America
Pendo,$3B,$357M,B Capital Group,United States,North America
Suning Sports,$3B,$600M,"Alibaba Group, Goldman Sachs",China,Asia
ManoMano,$3B,$706M,Dragoneer Investment Group,France,Europe
Oura,$3B,$148M,"Elysian Park Ventures, TCG",Finland,Europe
Side,$3B,$264M,Tiger Global Management,United States,North America
Jusda,$3B,$356M,"China Life, CICC",China,Asia
eToro,$4B,$473M,China Minsheng Financial Holdings,Israel,Asia
Somatus,$3B,$465M,Wellington Management,United States,North America
SiFive,$3B,$366M,Coatue,United States,North America
Games24x7,$3B,$75M,Malabar Investment Advisors,India,Asia
Uniphore,$3B,$607M,New Enterprise Associates,United States,North America
Infra.Market,$4B,$324M,Mars Growth Capital,India,Asia
Cohesity,$4B,$660M,"DFJ Growth, Foundation Capital",United States,North America
Aura,$3B,$501M,Madrone Capital Partners,United States,North America
Sysdig,$3B,$730M,Permira,United States,North America
Fetch,$3B,$582M,Hamilton Lane,United States,North America
A24,$3B,$225M,"Neuberger Berman Group, Stripes",United States,North America
Varo Money,$3B,$987M,Lone Pine Capital,United States,North America
Acronis,$4B,$658M,BlackRock,Switzerland,Europe
Syniverse,$3B,$753M,Twilio,United States,North America
Cambricon Technologies,$3B,$200M,SDIC Venture Capital,China,Asia
VistaJet,$3B,$150M,Rhone Capital,United States,North America
BYTON,$3B,$1B,Marubeni,China,Asia
Cato Networks,$3B,$532M,Swisscom Ventures,Israel,Asia
Zetwerk,$3B,$543M,Greenoaks,India,Asia
Vercel,$3B,$313M,GGV Capital,United States,North America
Ualá,$2B,$544M,"SOFTBANK Latin America Ventures, Tencent",Argentina,South America
DMALL,$2B,$528M,Industrial Bank,China,Asia
Star Charge,$2B,$125M,Hillhouse Capital Group,China,Asia
Carbon,$2B,$682M,"Baillie Gifford, Madrone Capital Partners",United States,North America
HoneyBook,$2B,$498M,Tiger Global Management,United States,North America
Paxos,$2B,$543M,MercadoLibre,United States,North America
BitSight,$2B,$401M,Moody's Investors Service,United States,North America
ABL Space Systems,$2B,$419M,T. Rowe Price,United States,North America
Exabeam,$2B,$390M,Owl Rock Capital,United States,North America
BrewDog,$2B,$248M,TSG Consumer Partners,United Kingdom,Europe
Yitu Technology,$2B,$401M,Yichang Boyue Investment Management,China,Asia
Odoo,$3B,$349M,Summit Partners,Belgium,Europe
Jobandtalent,$2B,$890M,"Kinnevik, SoftBank Vision Fund",Spain,Europe
PayFit,$2B,$496M,General Atlantic,France,Europe
Bowery Farming,$2B,$476M,Fidelity Management and Research Company,United States,North America
BGL Group,$2B,$696M,Canada Pension Plan Investment Board,United Kingdom,Europe
Latitude Financial Services,$2B,$ 0.00,,Australia,Oceania
Uptake Technologies,$2B,$218M,Baillie Gifford,United States,North America
Mobile Premier League,$2B,$376M,Legatum,India,Asia
Skydance Media,$4B,$675M,Kohlberg Kravis Roberts,United States,North America
Biren Technology,$2B,$293M,"C Ventures, Country Garden",China,Asia
HeyTea,$9B,$594M,"Coatue, Hillhouse Capital Group",China,Asia
Algolia,$2B,$334M,Lone Pine Capital,United States,North America
1inch,$2B,$190M,Amber Group,United States,North America
Pattern,$2B,$277M,Knox Lane,United States,North America
Huimin,$2B,$517M,Jinan Industrial Development Group,China,Asia
MUSINSA,$2B,$287M,Sequoia Capital,South Korea,Asia
Animoca Brands,$6B,$786M,True Global Ventures (TGV),Hong Kong,Asia
Current,$2B,$402M,Andreessen Horowitz,United States,North America
Gympass,$2B,$520M,SoftBank Vision Fund,United States,North America
Bitso,$2B,$315M,"Coatue, Tiger Global Management",Mexico,North America
Reify Health,$5B,$479M,"Altimeter Capital, Coatue",United States,North America
Modern Treasury,$2B,$183M,Altimeter Capital,United States,North America
G7,$2B,$710M,"CS Capital, Trustbridge Partners",China,Asia
Bloomreach,$2B,$422M,Goldman Sachs Asset Management,United States,North America
Accelerant,$2B,$193M,Eldridge,United Kingdom,Europe
Dialpad,$2B,$450M,ICONIQ Capital,United States,North America
NuCom Group,$2B,$550M,General Atlantic,Germany,Europe
Planet Payment,$2B,$4M,IA Capital Group,Ireland,Europe
Huaqin Communication Technology,$2B,$298M,ZJ Innopark (Zhangjiang Hi-Tech Park),China,Asia
JD Industry,$2B,$530M,Mubadala,China,Asia
CloudWalk,$2B,$345M,Coatue,Brazil,South America
Addepar,$2B,$491M,D1 Capital Partners,United States,North America
2TM,$2B,$250M,MercadoLibre,Brazil,South America
Docker,$2B,$436M,Bain Capital Ventures,United States,North America
Jeeves,$2B,$268M,Tencent,United States,North America
Forto,$2B,$593M,Disruptive,Germany,Europe
Moveworks,$2B,$305M,"Alkeon Capital, Tiger Global Management",United States,North America
Recharge,$2B,$277M,Summit Partners,United States,North America
Medable,$2B,$507M,"Blackstone Accelerates Growth, GSR Ventures",United States,North America
Aledade,$3B,$418M,OMERS Growth Equity,United States,North America
GoCardless,$2B,$529M,Permira,United Kingdom,Europe
Urban Company,$2B,$371M,"Dragoneer Investment Group, Prosus Ventures",India,Asia
Eightfold AI,$2B,$397M,SoftBank Vision Fund,United States,North America
Taobao Movie,$2B,$260M,"Ant Group, CDH Investments",China,Asia
Voodoo,$2B,$517M,Groupe Bruxelles Lambert,France,Europe
Kry,$2B,$728M,"CPP Investments, Fidelity Management and Research Company",Sweden,Europe
Polygon,$2B,$451M,Sequoia Capital India,India,Asia
Pipe,$2B,$316M,Greenspring Associates,United States,North America
Mural,$2B,$192M,"Insight Partners, Tiger Global Management",United States,North America
Lunar,$2B,$486M,Heartland,Denmark,Europe
Improbable,$3B,$704M,"Elrond, Metaverse",United Kingdom,Europe
CertiK,$2B,$300M,"SoftBank Vision Fund, Tiger Global Management",United States,North America
Pantheon,$2B,$200M,SoftBank Vision Fund,United States,North America
Hive,$2B,$121M,Glynn Capital Management,United States,North America
Redis,$2B,$356M,Tiger Global Management,United States,North America
Iterable,$2B,$342M,Viking Global Investors,United States,North America
Sword Health,$2B,$296M,Sapphire Ventures,United States,North America
Everlaw,$2B,$299M,TPG Growth,United States,North America
Motive,$3B,$567M,"Insight Partners, Kleiner Perkins",United States,North America
Unqork,$2B,$365M,BlackRock,United States,North America
Druva,$2B,$475M,Caisse de Depot et Placement du Quebec,United States,North America
Aviatrix,$2B,$341M,TCV,United States,North America
Clip,$2B,$381M,"SOFTBANK Latin America Ventures, Viking Global Investors",Mexico,North America
Kajabi,$2B,$550M,Tiger Global Management,United States,North America
Cloudinary,$2B,$ 0.00,,United States,North America
Verbit,$2B,$432M,Third Point Ventures,United States,North America
SmartNews,$2B,$410M,"Asian Capital Alliance, Japan Post Capital",Japan,Asia
Netlify,$2B,$212M,Bessemer Venture Partners,United States,North America
Spring Health,$3B,$367M,Kinnevik,United States,North America
OPay,$2B,$570M,SoftBank Vision Fund,Nigeria,Africa
Perfios Software Solutions,$2B,$126M,"Bessemer Venture Partners, Warburg Pincus",India,Asia
Misfits Market,$2B,$527M,SoftBank Vision Fund,United States,North America
Claroty,$2B,$640M,"Bessemer Venture Partners, Rockwell Automation",United States,North America
Apeel Sciences,$2B,$640M,Temasek Holdings,United States,North America
Formlabs,$2B,$251M,SoftBank Vision Fund,United States,North America
LTK,$2B,$315M,SoftBank Vision Fund,United States,North America
BlaBlaCar,$2B,$464M,IFC,France,Europe
Aiven,$3B,$420M,Eurazeo,Finland,Europe
Pivot Bio,$2B,$617M,"DCVC, Temasek Holdings",United States,North America
Viva Wallet,$2B,$190M,JP Morgan,Greece,Europe
Loggi,$2B,$507M,CapSur Capital,Brazil,South America
Black Sesame Technologies,$2B,$115M,Dongfeng Asset Management,United States,North America
Advance Intelligence Group,$2B,$536M,"SoftBank Vision Fund, Warburg Pincus",Singapore,Asia
Mynt,$2B,$475M,"Bow Wave Capital Management, Insight Partners",Philippines,Asia
XINGYUN GROUP,$2B,$950M,"Crescent Group (Crescent Point), Harvest Global Investments",China,Asia
Mafengwo,$2B,$503M,Guizhou Innovation Empowerment Big Data Investment Fund,China,Asia
Magic Leap,$2B,$3B,NTT DoCoMo,United States,North America
OCSiAl Group,$2B,$285M,Da Vinci Capital,Luxembourg,Europe
XtalPi,$2B,$786M,"HOPU Investment, OrbiMed",United States,North America
Aleph Holding,$2B,$470M,Snap,United States,North America
StarkWare Industries,$500M,$270M,Alameda Research,Israel,Asia
ManyPets,$2B,$483M,EQT,United Kingdom,Europe
Dremio,$2B,$410M,Adams Street Partners,United States,North America
4Paradigm,$2B,$1B,"Boyu Capital, HOPU Investment Management Company",China,Asia
InMobi,$2B,$221M,Lightbox,India,Asia
FirstCry,$2B,$441M,PremjiInvest,India,Asia
ClickHouse,$2B,$300M,Thrive Capital,United States,North America
AppsFlyer,$2B,$293M,Salesforce Ventures,United States,North America
Saks.com,$2B,$500M,Insight Partners,United States,North America
Xinchao Media,$2B,$768M,JD.com,China,Asia
Calm,$2B,$218M,Lightspeed Venture Partners,United States,North America
Momo,$2B,$434M,Mizuho Bank,Vietnam,Asia
Neo4j,$2B,$581M,"Alanda Capital Management, Inovia Capital",United States,North America
Divvy Homes,$2B,$370M,"Caffeinated Capital, Tiger Global Management",United States,North America
Guoquan Shihui,$2B,$523M,"CMB International Capital Corporation, Tiantu Capital",China,Asia
To8to,$2B,$216M,Sequoia Capital China,China,Asia
Chipper Cash,$1B,$337M,Alameda Research,United States,North America
Exotec,$2T,$447M,Goldman Sachs Asset Management,France,Europe
Tradeshift,$2B,$861M,WestRiver Group,United States,North America
Keep,$2B,$614M,SoftBank Vision Fund,China,Asia
Virta Health,$2B,$373M,Tiger Global Management,United States,North America
Naixuecha,$2B,$216M,PAG,China,Asia
Farfetch China,$2B,$500M,"Alibaba Group, Richemont",China,Asia
Firstp2p,$2B,$111M,CCB International,China,Asia
ISN Software,$2B,$ 0.00,Blackstone Group,United States,North America
Trendy International Group,$2B,$200M,L Catterton Asia,China,Asia
ICON,$2B,$451M,Tiger Global Management,United States,North America
Preferred Networks,$2B,$147M,Toyota Motor,Japan,Asia
Clearco,$2B,$433M,SoftBank Vision Fund,Canada,North America
TIER Mobility,$2B,$587M,SoftBank Vision Fund,Germany,Europe
Starling Bank,$3B,$956M,Goldman Sachs,United Kingdom,Europe
Ankorstore,$2B,$422M,"Bond, Tiger Global Management",France,Europe
Avant,$2B,$654M,Ares Management,United States,North America
Zilch,$2B,$389M,"Gauss Ventures, Ventura Capital",United Kingdom,Europe
ROKT,$2B,$487M,Tiger Global Management,United States,North America
YinLong Group,$2B,$432M,,China,Asia
commercetools,$2B,$308M,Accel,Germany,Europe
Roofstock,$2B,$365M,SoftBank Vision Fund,United States,North America
ConcertAI,$2B,$300M,Sixth Street Partners,United States,North America
CoinSwitch,$2B,$301M,"Andreessen Horowitz, Coinbase Ventures",India,Asia
DFINITY,$2B,$167M,"Andreessen Horowitz, Polychain",Switzerland,Europe
InVision,$2B,$349M,Spark Capital,United States,North America
Acorns,$2B,$507M,TPG,United States,North America
MX Technologies,$2B,$450M,TPG,United States,North America
bunq,$2B,$281M,Pollen Street Capital,The Netherlands,Europe
Zume,$2B,$423M,SoftBank Vision Fund,United States,North America
Volocopter,$2B,$781M,"Gly Capital Management, NEOM",Germany,Europe
Ninja Van,$2B,$975M,Alibaba Group,Singapore,Asia
Solugen,$2B,$642M,"Kinnevik, Lowercarbon Capital",United States,North America
Retool,$3B,$141M,Sequoia Capital,United States,North America
Qianxun Spatial Intelligence,$2B,$141M,"China State-Owned Capital Venture Investment Fund, ICBC Investment",China,Asia
Lightricks,$2B,$305M,"Hanaco Venture Capital, Insight Partners",Israel,Asia
Zocdoc,$2B,$374M,Francisco Partners,United States,North America
Glance,$2B,$390M,Reliance Jio,Singapore,Asia
FullStory,$2B,$197M,Permira,United States,North America
Quora,$2B,$226M,"Collaborative Fund, Y Combinator",United States,North America
HiBob,$2B,$424M,General Atlantic,Israel,Asia
Opentrons,$2B,$240M,SoftBank Vision Fund,United States,North America
QuEST Global Services,$2B,$231M,Chrys Capital,Singapore,Asia
Glossier,$2B,$266M,Lone Pine Capital,United States,North America
Landa Digital Printing,$2B,$485M,Altana,Israel,Asia
Meril Life,$2B,$201M,Warburg Pincus,India,Asia
idealista,$2B,$518M,Apax Partners,Spain,Europe
Spinny,$2B,$476M,Sachin Tendulkar,India,Asia
Kaseya,$2B,$547M,TPG,Ireland,Europe
Trulioo,$2B,$474M,TCV,Canada,North America
NantOmics,$2B,$251M,NantHealth,United States,North America
Alan,$3B,$558M,Teachers’ Venture Growth,France,Europe
Productboard,$2B,$261M,"Dragoneer Investment Group, Tiger Global Management",United States,North America
Gousto,$2B,$372M,SoftBank Vision Fund,United Kingdom,Europe
CircleCI,$2B,$315M,Greenspring Associates,United States,North America
Pax8,$2B,$347M,SoftBank Vision Fund,United States,North America
H2O.ai,$2B,$251M,Commonwealth Bank of Australia,United States,North America
ZenBusiness,$2B,$277M,Oak HC/FT,United States,North America
Spotter,$2B,$231M,SoftBank Vision Fund,United States,North America
Wave Mobile Money,$2B,$210M,Alameda Research,Senegal,Africa
DispatchHealth,$2B,$733M,Optum Ventures,United States,North America
Harry's,$2B,$792M,"Bain Capital, Macquarie Capital",United States,North America
Reltio,$2B,$237M,Brighton Park Capital,United States,North America
Harness,$4B,$370M,Norwest Venture Partners,United States,North America
PAX Labs,$2B,$446M,"Tao Capital Partners, Tiger Global Management",United States,North America
Carsome,$2B,$577M,"65 Equity Partners, Qatar Investment Authority",Malaysia,Asia
Diamond Foundry,$2B,$350M,,United States,North America
DealShare,$2B,$378M,"Alpha Wave Global, Tiger Global Management",India,Asia
Dragos,$2B,$358M,"BlackRock, Koch Disruptive Technologies",United States,North America
Vestiaire Collective,$2B,$643M,"Generation Investment Management, SoftBank Vision Fund",France,Europe
Enflame,$2B,$472M,"CICC Alpha, CPE",China,Asia
Solarisbank,$2B,$445M,Decisive Capital Management,Germany,Europe
Optimism,$2B,$179M,"Andreessen Horowitz, Paradigm",United States,North America
SafetyCulture,$2B,$222M,Insight Partners,Australia,Oceania
Mercury,$2B,$152M,Coatue,United States,North America
Transcarent,$2B,$298M,"Human Capital, Kinnevik",United States,North America
Zhubajie,$2B,$445M,"Chongqing New North Zone Government Investment Fund, Cybernaut Venture Capital",China,Asia
Capitolis,$2B,$282M,"9Yards Capital, Canapi Ventures",United States,North America
Nord Security,$2B,$100M,Novator,Lithuania,Europe
Wayflyer,$2B,$236M,"DST Global, QED Investors",Ireland,Europe
Verkada,$3B,$344M,Linse Capital,United States,North America
Truepill,$2B,$255M,Oak HC/FT,United States,North America
Extend,$2B,$320M,SoftBank Vision Fund,United States,North America
ezCater,$2B,$421M,SoftBank Vision Fund,United States,North America
HomeLight,$2B,$279M,Zeev Ventures,United States,North America
Unite Us,$2B,$195M,ICONIQ Capital,United States,North America
Cresta,$2B,$151M,Tiger Global Management,United States,North America
Afiniti,$2B,$120M,,Bermuda,North America
Infinidat,$2B,$325M,"Goldman Sachs, TPG Growth",Israel,Asia
Bianlifeng,$2B,$656M,"Hillhouse Capital Group, Tencent",China,Asia
Huitongda,$2B,$996M,SDIC Venture Capital,China,Asia
ASAPP,$2B,$380M,"Dragoneer Investment Group, Fidelity Management and Research Company",United States,North America
Clio,$2B,$386M,"OMERS Growth Equity, T. Rowe Price",Canada,North America
AIWAYS,$2B,$792M,Fujian Dongbai (Group),China,Asia
Palmetto Clean Technology,$1B,$565M,TPG Rise Climate Fund,United States,North America
Caocao Chuxing,$2B,$744M,Suzhou Xiangcheng Financial Holding Group,China,Asia
SmartHR,$2B,$190M,Light Street Capital,Japan,Asia
NMI,$2B,$ 0.00,Great Hill Partners,United States,North America
Eswin,$5B,$2B,China National Building Material,China,Asia
Wenheyou,$2B,$91M,IDG Capital,China,Asia
Wellong Etown,$2B,$ 0.00,CCB International,China,Asia
Loom,$2B,$204M,Andreessen Horowitz,United States,North America
ElasticRun,$2B,$435M,"Goldman Sachs, SoftBank Vision Fund",India,Asia
Andela,$2B,$381M,SoftBank Vision Fund,United States,North America
Airbyte,$2B,$181M,"Altimeter Capital, Coatue",United States,North America
Zeta,$2B,$340M,Mastercard,United States,North America
CoinList,$2B,$119M,"Accomplice, Agman Partners",United States,North America
Ledger,$1B,$575M,10T Holdings,France,Europe
Pacaso,$2B,$217M,SoftBank Vision Fund,United States,North America
Veho,$2B,$299M,"SoftBank Vision Fund, Tiger Global Management",United States,North America
ID.me,$2B,$274M,Viking Global Investors,United States,North America
PAPER,$1B,$390M,"Sapphire Ventures, SoftBank Vision Fund",Canada,North America
Whatnot,$4B,$485M,"CapitalG, DST Global",United States,North America
Veriff,$2B,$177M,"Alkeon Capital, Tiger Global Management",Estonia,Europe
Matillion,$2B,$290M,Databricks Ventures,United Kingdom,Europe
Boba Network,$2B,$45M,Valour,United States,North America
Olist,$2B,$320M,Wellington Management,Brazil,South America
Perfect Day,$2B,$712M,"Canada Pension Plan Investment Board, Temasek Holdings",United States,North America
Moloco,$2B,$192M,Tiger Global Management,United States,North America
Temporal Technologies,$2B,$204M,Greenoaks,United States,North America
Cognite,$2B,$225M,TCV,Norway,Europe
Collective Health,$2B,$719M,Health Care Service Corporation,United States,North America
MindMaze,$2B,$340M,Concord Health Partners,Switzerland,Europe
Lusha,$2B,$245M,Providence Strategic Growth (PSG),United States,North America
Zenoti,$2B,$331M,TPG,United States,North America
Built Technologies,$2B,$313M,Citi,United States,North America
Paradox,$2B,$253M,"Sapphire Ventures, Stripes",United States,North America
SmartRecruiters,$2B,$225M,Silver Lake Waterman,United States,North America
Apollo,$2B,$183M,Insight Partners,United States,North America
Akulaku,$2B,$638M,Mitsubishi UFJ Financial Group,Indonesia,Asia
HeartFlow,$2B,$783M,Bain Capital Life Sciences,United States,North America
NextSilicon,$2B,$203M,Third Point Ventures,Israel,Asia
Splitgate,$2B,$117M,Lightspeed Venture Partners,United States,North America
HAI ROBOTICS,$2B,$315M,Capital Today,China,Asia
Mu Sigma,$2B,$211M,Mastercard,India,Asia
impact.com,$2B,$361M,Qatar Investment Authority,United States,North America
StoreDot,$2B,$206M,"Ola Electric, Polestar",Israel,Asia
Ascend Group,$2B,$150M,Charoen Pokphand Group,Thailand,Asia
Strava,$2B,$152M,"Sequoia Capital, TCV",United States,North America
Tujia,$2B,$755M,"All-Stars Investment, Trip.com",China,Asia
Oddity,$2B,$130M,"Fidelity Management and Research Company, First Light Capital",United States,North America
NotCo,$2B,$433M,Princeville Capital,Chile,South America
Cribl,$3B,$402M,Tiger Global Management,United States,North America
Gett,$2B,$828M,Pelham Capital,United Kingdom,Europe
Athelas,$2B,$150M,Tribe Capital,United States,North America
Snapdocs,$2B,$253M,Tiger Global Management,United States,North America
SellerX,$1B,$766M,"BlackRock, Sofina",Germany,Europe
Persona,$2B,$218M,Founders Fund,United States,North America
Prometheus,$2B,$150K,Maersk Growth,United States,North America
Culture Amp,$2B,$257M,"Sequoia Capital China, TDM Growth Partners",Australia,Oceania
AppDirect,$2B,$431M,Caisse de Depot et Placement du Quebec,United States,North America
Candy Digital,$2B,$138M,"ConsenSys Mesh, Galaxy Digital",United States,North America
Devo,$2B,$481M,Eurazeo,United States,North America
Spark Education Group,$2B,$593M,Trustbridge Partners,China,Asia
Uplight,$2B,$ 0.00,"AES, Huck Capital",United States,North America
InMyShow,$1B,$106M,"SAIF Partners, SINA Corporation",China,Asia
Dt Dream,$1B,$267M,"Zhejiang State Enterprise Reform and Development Fund, ZSVC",China,Asia
fabric,$2B,$294M,SoftBank Vision Fund,United States,North America
eSign,$1B,$186M,,China,Asia
Panshi,$1B,$655M,Cybernaut Venture Capital,China,Asia
Hello TransTech,$1B,$2B,"Alibaba Group, Ant Group",China,Asia
Ouyeel,$1B,$468M,,China,Asia
Saxo Bank,$1B,$201M,General Atlantic,Denmark,Europe
Tuandaiwang,$1B,$351M,China Minsheng Investment Group,China,Asia
IAD France,$1B,$364M,Insight Partners,France,Europe
Aleo,$1B,$298M,"Kora, SoftBank Vision Fund",United States,North America
M1 Holdings,$1B,$323M,SoftBank Vision Fund,United States,North America
Trumid,$2B,$658M,Point Break Capital Management,United States,North America
Coocaa,$1B,$218M,Baidu,China,Asia
T3 Mobile Travel Services,$1B,$3B,CITIC Capital Holdings,China,Asia
Seasun,$1B,$142M,Tencent,China,Asia
Scalable Capital,$1B,$314M,Tencent,Germany,Europe
Judo Bank,$1B,$838M,,Australia,Oceania
The Access Group,$12B,$1B,"Hg, TA Associates",United Kingdom,Europe
Bordrin Motors,$1B,$362M,,China,Asia
GupShup,$1B,$484M,Tiger Global Management,United States,North America
Clarify Health Solutions,$1B,$328M,SoftBank Vision Fund,United States,North America
Rebel Foods,$1B,$514M,Mando Corporation,India,Asia
Figment,$1B,$164M,Thoma Bravo,United States,North America
Yotpo,$1B,$436M,Shopify,United States,North America
Panther,$1B,$141M,Coatue,United States,North America
VideoAmp,$1B,$382M,The Spruce House Partnership,United States,North America
Salt Security,$1B,$271M,CrowdStrike Falcon Fund,United States,North America
Envoy,$1B,$170M,Brookfield Growth,United States,North America
Deliverect,$1B,$237M,"Alkeon Capital, Coatue",Belgium,Europe
Dexterity,$1B,$196M,"Kleiner Perkins, Lightspeed Venture Partners",United States,North America
Astranis,$1B,$503M,Andreessen Horowitz,United States,North America
Phenom,$1B,$161M,B Capital Group,United States,North America
Away,$1B,$181M,Wellington Management,United States,North America
Cabify,$1B,$472M,Mutua Madrileña,Spain,Europe
Tripledot Studios,$1B,$252M,The Twenty Minute VC,United Kingdom,Europe
Pristyn Care,$1B,$177M,Sequoia Capital,India,Asia
Coda,$1B,$240M,Ontario Teachers' Pension Plan,United States,North America
Beta Technologies,$2B,$886M,"Fidelity Management and Research Company, TPG Rise Climate Fund",United States,North America
Epidemic Sound,$1B,$509M,"Blackstone Group, EQT",Sweden,Europe
Papa,$1B,$241M,SoftBank Vision Fund,United States,North America
Kong,$1B,$169M,Tiger Global Management,United States,North America
Voyager Innovations,$1B,$502M,Susquehanna International Group (SIG),Philippines,Asia
Degreed,$1B,$390M,"Riverwood Capital, Sapphire Ventures",United States,North America
Stash Financial,$1B,$426M,Eldridge,United States,North America
Firebolt,$1B,$264M,Alkeon Capital,Israel,Asia
K Health,$1B,$271M,"GGV Capital, PICO Venture Partners",United States,North America
Hike,$1B,$261M,Jump Crypto,India,Asia
Symphony Communication Services,$1B,$511M,"Mitsubishi UFJ Financial Group, Standard Chartered Bank",United States,North America
Como,$1B,$110M,JPMorgan Partners,United Kingdom,Europe
SparkCognition,$1B,$286M,"AEI Horizon X, Alan Howard",United States,North America
OVO Energy,$1B,$324M,Mitsubishi Corporation,United Kingdom,Europe
Neon,$1B,$727M,Propel VC,Brazil,South America
EverlyWell,$1B,$250M,Trish Costello,United States,North America
The Brandtech Group,$2B,$610M,Chrysalis Investments,United States,North America
Alloy,$2B,$208M,"Avenir Growth Capital, Lightspeed Venture Partners",United States,North America
Epirus,$1B,$287M,T. Rowe Price,United States,North America
At-Bay,$1B,$296M,ION Crossover Partners,United States,North America
koudai,$1B,$368M,Tencent,China,Asia
New Leshi Smart Home,$1B,$2B,"JD.com, Sunac China Holdings",China,Asia
Signifyd,$1B,$390M,Owl Rock Capital,United States,North America
GP Club,$1B,$67M,,South Korea,Asia
RIDI,$1B,$185M,GIC,South Korea,Asia
stc pay,$1B,$200M,Western Union,Saudi Arabia,Asia
TaxBit,$1B,$253M,Haun Ventures,United States,North America
Athletic Greens,$1B,$115M,Alpha Wave Global,United States,North America
Gymshark,$1B,$245M,General Atlantic,United Kingdom,Europe
Island,$1B,$285M,Georgian,United States,North America
Intercom,$1B,$241M,Kleiner Perkins,United States,North America
TravelPerk,$1B,$408M,"General Catalyst, Kinnevik",Spain,Europe
Yugabyte,$1B,$291M,Sapphire Ventures,United States,North America
CoinTracker,$1B,$102M,Accel,United States,North America
Linktree,$1B,$166M,"Coatue, Index Ventures",Australia,Oceania
Included Health (previously Grand Rounds Health and Doctor On Demand),$1B,$344M,The Carlyle Group,United States,North America
iTrustCapital Inc.,$1B,$128M,Left Lane Capital,United States,North America
Konfio,$1B,$378M,"Arcadia Investment, QED Investors",Mexico,North America
ONE Championship,$1B,$515M,"Guggenheim Investments, Qatar Investment Authority",Singapore,Asia
Domestika,$1B,$130M,Zeev Ventures,United States,North America
Hotel Engine,$1B,$81M,Telescope Partners,United States,North America
Cava Group,$1B,$738M,T. Rowe Price,United States,North America
InSightec,$1B,$633M,NHS England,Israel,Asia
Betterment,$1B,$335M,Treasury,United States,North America
Flock Freight,$1B,$399M,SoftBank Vision Fund,United States,North America
Manner,$5B,$ 0.00,ByteDance,China,Asia
Haihe Biopharma,$1B,$318M,Warburg Pincus,China,Asia
Kr Space,$1B,$482M,"Gopher Asset Management, IDG Capital",China,Asia
Loadsmart,$1B,$336M,SOFTBANK Latin America Ventures,United States,North America
Lukka,$1B,$201M,Marshall Wace,United States,North America
DistroKid,$1B,$ 0.00,Insight Partners,United States,North America
BYD Semiconductor,$1B,$378M,,China,Asia
AgentSync,$1B,$111M,Valor Equity Partners,United States,North America
Merama,$1B,$345M,"Advent International, SoftBank",Mexico,North America
Zhidou,$1B,$2B,Geely,China,Asia
Moody,$1B,$215M,"5Y Capital, Kohlberg Kravis Roberts",China,Asia
Route,$1B,$249M,Craft Ventures,United States,North America
CaptivateIQ,$1B,$165M,"Accel, ICONIQ Growth",United States,North America
Flipdish,$1B,$157M,Tencent,Ireland,Europe
Mythical Games,$1B,$260M,Andreessen Horowitz,United States,North America
Incode Technologies,$1B,$257M,"General Atlantic, SoftBank",United States,North America
Tackle,$1B,$148M,"Andreessen Horowitz, Coatue",United States,North America
Triller,$1B,$333M,Proxima Media,United States,North America
Kuaikan Manhua,$1B,$594M,Tencent,China,Asia
Sidewalk Infrastructure Partners,$1B,$800M,StepStone Group,United States,North America
BigID,$1B,$246M,ServiceNow,United States,North America
Pilot,$1B,$161M,"Bezos Expeditions, Whale Rock Capital Management",United States,North America
Marshmallow,$1B,$116M,"Investec, Passion Capital",United Kingdom,Europe
Honor,$1B,$325M,Baillie Gifford,United States,North America
ETCP,$1B,$280M,Wanda E-Commerce,China,Asia
inDrive,$1B,$237M,Insight Partners,United States,North America
Nexii,$2B,$80M,"Horizon Technology Finance, Trinity Capital",Canada,North America
MicroPort CardioFlow,$1B,$130M,,China,Asia
Spiber Inc.,$1B,$520M,The Carlyle Group,Japan,Asia
Insider,$1B,$167M,Qatar Investment Authority,Singapore,Asia
Public.com,$1B,$309M,Maria Sharapova,United States,North America
FlashEX,$1B,$339M,"N5Capital, Shihaisong Capital",China,Asia
GalaxySpace,$2B,$14M,CCB International,China,Asia
TBM Japan,$1B,$181M,SK Group,Japan,Asia
Inari,$2B,$461M,"Alexandria Venture Investments, Flagship Pioneering",United States,North America
CLEAN PLANET,$1B,$9M,"Miura Co.,Ltd.",Japan,Asia
Workhuman,$1B,$9M,Atlas Venture,Ireland,Europe
Helium,$1B,$365M,"Andreessen Horowitz, Tiger Global Management",United States,North America
GrubMarket,$2B,$499M,301,United States,North America
UpGrad,$2B,$662M,Ronnie Screwvala,India,Asia
Viz,$1B,$292M,CIBC Innovation Banking,United States,North America
Xpressbees,$1B,$573M,"Blackstone Group, Chrys Capital",India,Asia
Mensa Brands,$1B,$218M,Alpha Wave Global,India,Asia
Orca Security,$2B,$632M,Temasek Holdings,United States,North America
Vectra,$1B,$353M,TCV,United States,North America
Gem,$1B,$148M,ICONIQ Growth,United States,North America
FloQast,$1B,$203M,Meritech Capital Partners,United States,North America
Copado,$1B,$271M,Insight Partners,United States,North America
MindTickle,$1B,$281M,SoftBank Vision Fund,United States,North America
Choco,$1B,$336M,G Squared,Germany,Europe
Alation,$2B,$315M,"Costanoa Ventures, Sanabil",United States,North America
Ada,$1B,$191M,Spark Capital,Canada,North America
MyGlamm,$1B,$287M,"Prosus Ventures, Warburg Pincus",India,Asia
CarDekho,$1B,$448M,LeapFrog Investments,India,Asia
Droom,$1B,$333M,57 Stars,India,Asia
Berlin Brands Group,$1B,$800M,Ardian,Germany,Europe
SeekOut,$1B,$189M,Tiger Global Management,United States,North America
Qumulo,$1B,$347M,BlackRock Private Equity Partners,United States,North America
Phantom,$1B,$118M,Paradigm,United States,North America
Offchain Labs,$1B,$124M,Lightspeed Venture Partners,United States,North America
Human Longevity,$1B,$341M,Emerging Technology Partners,United States,North America
Multichain,$1B,$60M,Binance Labs,Singapore,Asia
Iyuno-SDI,$1B,$184M,IMM Investment,United States,North America
SmartMore Technology,$1B,$300M,Hermitage Capital,China,Asia
Qdama,$1B,$142M,Hezhi Investment,China,Asia
Dianrong,$1B,$549M,"Affirma Capital, Standard Chartered Private Equity",China,Asia
JOKR,$1B,$480M,G Squared,United States,North America
BigPanda,$1B,$337M,"UBS, Wells Fargo Strategic Capital",United States,North America
iCarbonX,$1B,$200M,China Bridge Capital,China,Asia
Tealium,$1B,$264M,"Georgian, Silver Lake Waterman",United States,North America
Livspace,$1B,$427M,Kohlberg Kravis Roberts,India,Asia
Rohlik,$1B,$613M,Sofina,Czech Republic,Europe
V3 Group,$1B,$268M,Kohlberg Kravis Roberts,Singapore,Asia
Proteus Digital Health,$1B,$460M,Harbin Gloria Pharmaceuticals,United States,North America
Modern Health,$1B,$167M,Founders Fund,United States,North America
IRL,$1B,$197M,SoftBank Vision Fund,United States,North America
Fenergo,$1B,$760M,"Astorg, Bridgepoint",Ireland,Europe
Alisports,$1B,$174M,YF Capital,China,Asia
cure.fit,$1B,$615M,Zomato,India,Asia
Alphaeon,$1B,$223M,Sailing Capital,United States,North America
E-Life Financial Services,$1B,$356M,H Capital Advance,China,Asia
CloudBees,$1B,$236M,Goldman Sachs Asset Management,United States,North America
Happy Money,$1B,$192M,Anthemis Group,United States,North America
Elemy,$1B,$323M,"Goodwater Capital, PremjiInvest",United States,North America
OpenWeb,$2B,$393M,Georgian,United States,North America
Rebellion Defense,$1B,$150M,"Insight Partners, Venrock",United States,North America
Boom Supersonic,$1B,$147M,Momentum Ventures,United States,North America
Guideline,$1B,$339M,General Atlantic,United States,North America
Dotc United Group,$1B,$395M,Zeus Entertainment,China,Asia
Spendesk,$1B,$312M,Tiger Global Management,France,Europe
Jiuxian,$1B,$250M,Sequoia Capital China,China,Asia
Stord,$1B,$325M,Franklin Templeton Investments,United States,North America
SKIO Matrix,$1B,$299M,IDG Capital,China,Asia
RootCloud,$1B,$195M,IDG Capital,China,Asia
Hupu,$1B,$338M,ByteDance,China,Asia
NewsBreak,$1B,$151M,Francisco Partners,United States,North America
L&P Cosmetic,$1B,$33M,Credit Suisse,South Korea,Asia
Enpal,$2B,$523M,"Activate Capital Partners, The Westly Group",Germany,Europe
Nexthink,$1B,$346M,Permira,Switzerland,Europe
Staffbase,$1B,$307M,General Atlantic,Germany,Europe
Chemao,$1B,$199M,ZHEFU Holding,China,Asia
Inspur Cloud,$1B,$3B,"CCB International, China Minsheng Bank",China,Asia
Chief,$1B,$140M,CapitalG,United States,North America
CoinDCX,$2B,$247M,"Pantera Capital, Steadview Capital",India,Asia
Apna,$1B,$193M,Tiger Global Management,India,Asia
CAIS,$1B,$406M,Hamilton Lane,United States,North America
IntelyCare,$1B,$171M,Janus Henderson Investors,United States,North America
G2,$1B,$258M,"Permira, Salesforce Ventures",United States,North America
Carousell,$1B,$373M,Heliconia Capital Management,Singapore,Asia
People.ai,$1B,$200M,"Akkadian Ventures, Mubadala Capital Ventures",United States,North America
eSentire,$1B,$186M,"Caisse de Depot et Placement du Quebec, Georgian",Canada,North America
Beyond Identity,$1B,$205M,Evolution Equity Partners,United States,North America
Zego,$1B,$282M,"DST Global, General Catalyst",United Kingdom,Europe
Acko,$1B,$458M,"General Atlantic, Multiples",India,Asia
Karat,$1B,$169M,Serena Williams,United States,North America
Daily Harvest,$1B,$120M,Lone Pine Capital,United States,North America
Tango,$1B,$361M,Alibaba Group,Israel,Asia
Sunbit,$1B,$210M,Group 11,United States,North America
Matrixport,$2B,$138M,"C Ventures, DST Global",Singapore,Asia
SonderMind,$1B,$183M,"Drive Capital, PremjiInvest",United States,North America
Pharmapacks,$1B,$433M,The Carlyle Group,United States,North America
GlobalBees,$1B,$185M,PremjiInvest,India,Asia
Tuhu,$1B,$875M,Tencent,China,Asia
Yijiupi,$1B,$511M,Tencent,China,Asia
The Bank of London,$1B,$130M,"14W, Mangrove Capital Partners",United Kingdom,Europe
CSI Solar,$1B,$ 0.00,,Canada,North America
Fundbox,$1B,$404M,Healthcare of Ontario Pension Plan (HOOPP),United States,North America
LEAD,$1B,$166M,"GSV Ventures, Westbridge Capital",India,Asia
Rightway,$1B,$130M,Khosla Ventures,United States,North America
v2 Ventures,$1B,$262M,JMI Equity,United States,North America
Rivigo,$1B,$249M,"Elevation Capital, Spring Canter Investment",India,Asia
Mech-Mind,$820M,$234M,"IDG Capital, Meituan",China,Asia
Nxin,$1B,$53M,"Beijing Junenghesheng Industry Investment Fund, Beijing Shuju Xinrong Investment Management",China,Asia
Earnix,$1B,$98M,Insight Partners,Israel,Asia
LeCloud,$1B,$153M,Chongqing Industry Investment Fund,China,Asia
Veepee,$1B,$ 0.00,Qatar Holding,France,Europe
MobileCoin,$1B,$107M,"Future Ventures, General Catalyst",United States,North America
Radius Payment Solutions,$1B,$200M,Inflexion,United Kingdom,Europe
Density,$1B,$217M,Kleiner Perkins,United States,North America
Mixpanel,$1B,$277M,Bain Capital Tech Opportunities,United States,North America
Sendbird,$1B,$221M,Steadfast Financial,United States,North America
Plenty,$1B,$941M,"JS Capital Management, One Madison Group",United States,North America
Luoji Siwei,$1B,$144M,ZhenFund,China,Asia
Aijia Home Furnishing Products,$1B,$146M,Tiantu Capital,China,Asia
Blackbuck,$1B,$352M,"IFC Asset Management Company, Tribe Capital",India,Asia
Miaoshou Doctor,$1B,$947M,"Sequoia Capital, Tencent",China,Asia
Splashtop,$1B,$114M,Sapphire Ventures,United States,North America
Shift Technology,$1B,$540M,"Advent International, Guidewire Software",France,Europe
NoBroker,$1B,$428M,Google,India,Asia
Chinac.com,$1B,$379M,Orient Securities Capital Investment,China,Asia
Morning Consult,$1B,$91M,Advance Venture Partners,United States,North America
Leapmotor,$1B,$1B,Jinhua Zhongche Fund,China,Asia
Juanpi,$1B,$136M,"China Merchants Bank, Tiantu Capital",China,Asia
TTTech Auto,$1B,$286M,"Aptiv, Audi AG",Austria,Europe
Gaussian Robot,$1B,$345M,Jintuo Capital,China,Asia
Zihaiguo,$1B,$80M,Beijing Taikang Investment,China,Asia
unico IDtech,$3B,$337M,"General Atlantic, SOFTBANK Latin America Ventures",Brazil,South America
Tongdun Technology,$1B,$252M,China Merchants Capital,China,Asia
NAVER Z,$1B,$208M,Krafton,South Korea,Asia
Gelato,$1B,$269M,Insight Partners,Norway,Europe
Lanhu,$1B,$234M,GGV Capital,China,Asia
Grover,$1B,$217M,Energy Impact Partners,Germany,Europe
LayerZero Labs,$3B,$293M,Alameda Research,Canada,North America
Licious,$1B,$490M,Amansa Capital,India,Asia
Nium,$2B,$288M,Moore Strategic Ventures,Singapore,Asia
Electric,$1B,$212M,Harmonic Growth Partners,United States,North America
Turo,$1B,$498M,"Allen & Company, Manhattan Venture Partners",United States,North America
LetsGetChecked,$1B,$283M,"Casdin Capital, Transformation Capital",United States,North America
Climeworks,$1B,$784M,"GIC, Partners Group",Switzerland,Europe
Stax,$1B,$263M,Fulcrum Equity Partners,United States,North America
Oxyzo,$1B,$200M,"Alpha Wave Global, Norwest Venture Partners",India,Asia
DailyPay,$1B,$189M,Carrick Capital Partners,United States,North America
Teya,$1B,$1B,Accel,United Kingdom,Europe
Payhawk,$1B,$239M,Lightspeed Venture Partners,United Kingdom,Europe
Vedantu,$1B,$292M,Orios Venture Partners,India,Asia
Esusu,$1B,$145M,SoftBank Vision Fund,United States,North America
Tarana Wireless,$1B,$376M,"Khosla Ventures, Prime Movers Lab",United States,North America
Savage X Fenty,$1B,$310M,Neuberger Berman Group,United States,North America
Shippo,$1B,$154M,Bessemer Venture Partners,United States,North America
Omada Health,$1B,$449M,Fidelity Management and Research Company,United States,North America
BlueVoyant,$1B,$526M,Liberty Strategic Capital,United States,North America
UST,$1B,$250M,Temasek Holdings,United States,North America
Firefly Aerospace,$1B,$202M,AE Industrial Partners,United States,North America
Securonix,$1B,$1B,Vista Equity Partners,United States,North America
Axiom Space,$2B,$200M,Boryung Pharmaceutical,United States,North America
Veev,$1B,$585M,Bond,United States,North America
Plus,$1B,$520M,"ClearVue Partners, FountainVest Partners",United States,North America
Bolttech,$2B,$217M,Tokio Marine,Singapore,Asia
Tractable,$1B,$120M,"Georgian, Insight Partners",United Kingdom,Europe
FLASH,$1B,$316M,Vista Equity Partners,United States,North America
Snorkel AI,$1B,$135M,"Addition, BlackRock",United States,North America
PPRO,$1B,$370M,"Eldridge, JP Morgan Chase",United Kingdom,Europe
Mamaearth,$1B,$112M,Shilpa Shetty,India,Asia
Amagi Media Labs,$1B,$322M,General Atlantic,United States,North America
Aptos,$4B,$350M,Binance Labs,United States,North America
TrueLayer,$1B,$271M,Tiger Global Management,United Kingdom,Europe
Eat Just,$1B,$465M,C2 Capital Partners,United States,North America
Sift,$1B,$157M,Insight Partners,United States,North America
slice,$2B,$299M,Tiger Global Management,India,Asia
Carro,$1B,$595M,ZA Tech,Singapore,Asia
BostonGene,$1B,$200M,NEC Corporation,United States,North America
Xendit,$1B,$535M,"Coatue, Insight Partners",Indonesia,Asia
Gauntlet,$1B,$45M,Ribbit Capital,United States,North America
Aibee,$1B,$273M,Xiaomi,China,Asia
Forward,$1B,$225M,"Founders Fund, SoftBank Vision Fund",United States,North America
Mux,$1B,$174M,Coatue,United States,North America
ShipBob,$1B,$331M,Bain Capital Ventures,United States,North America
VTS,$2B,$312M,CBRE Group,United States,North America
Maven Clinic,$1B,$292M,General Catalyst,United States,North America
Groq,$1B,$363M,"D1 Capital Partners, Tiger Global Management",United States,North America
Picsart,$1B,$195M,SoftBank Vision Fund,United States,North America
Darwinbox,"$1,000M",$116M,State Bank of India,India,Asia
Fabric,$1B,$336M,Temasek Holdings,United States,North America
Visier,$1B,$217M,Goldman Sachs Asset Management,Canada,North America
CHEQ,$1B,$182M,Tiger Global Management,Israel,Asia
PandaDoc,$1B,$51M,"G Squared, OMERS Growth Equity",United States,North America
Feedzai,$1B,$277M,Conexo Ventures,Portugal,Europe
Sentry,$3B,$217M,"Accel, Bond",United States,North America
Watershed,$1B,$84M,"Kleiner Perkins, Sequoia Capital",United States,North America
Instabase,$1B,$132M,Index Ventures,United States,North America
Aqua Security,$1B,$265M,Capital One Ventures,United States,North America
Sisense,$1B,$275M,Insight Partners,United States,North America
Forte,$1B,$910M,Kora,United States,North America
Jellysmack,$1B,$16M,SoftBank Vision Fund,United States,North America
Infobip,$1B,$300M,One Equity Partners,United Kingdom,Europe
Timescale,$1B,$181M,Tiger Global Management,United States,North America
Amperity,$1B,$187M,HighSage Ventures,United States,North America
Ivalua,$1B,$134M,"Ardian, Tiger Global Management",France,Europe
Kitopi,$2B,$804M,SoftBank Vision Fund,United Arab Emirates,Asia
Commonwealth Fusion,$1B,$2B,Tiger Global Management,United States,North America
Drata,$2B,$328M,"GGV Capital, ICONIQ Growth",United States,North America
Locus Robotics,$2B,$416M,"G2 Venture Partners, Goldman Sachs Asset Management",United States,North America
Perch,$1B,$909M,SoftBank Vision Fund,United States,North America
Placer.ai,$1B,$193M,"Buckley Ventures, Josh Buckley",United States,North America
Ibotta,$1B,$93M,Koch Disruptive Technologies,United States,North America
Alto Pharmacy,$1B,$524M,SoftBank Vision Fund,United States,North America
Clearcover,$1B,$305M,Eldridge,United States,North America
Razor Group,$1B,$255M,L Catterton,Germany,Europe
Skydio,$2B,$570M,Linse Capital,United States,North America
Human Interest,$1B,$498M,BlackRock,United States,North America
Facily,$1B,$502M,"Goodwater Capital, Prosus",Brazil,South America
Thirty Madison,$1B,$210M,HealthQuest Capital,United States,North America
Nature’s Fynd,$1B,$463M,SoftBank Vision Fund,United States,North America
Printful,$1B,$130M,Bregal Sagemount,United States,North America
Standard Cognition,$1B,$239M,SoftBank Vision Fund,United States,North America
Dune Analytics,$1B,$79M,Coatue,Norway,Europe
Resilience,$1B,$2B,Mubadala,United States,North America
OfferUp,$1B,$381M,Pobts,United States,North America
Ajaib,$995M,$246M,DST Global,Indonesia,Asia
Wisk Aero,$1B,$450M,The Boeing Company,United States,North America
Udacity,$1B,$160M,Bertelsmann,United States,North America
GetYourGuide,$1B,$656M,Searchlight Capital Partners,Germany,Europe
Hailo,$1B,$221M,"Gil Agmon, Poalim Equity",Israel,Asia
Binance,$1B,$89K,"Black Hole Capital, Funcity Capital",Malta,Europe
Go1,$2B,$384M,"AirTree Ventures, Five Sigma",Australia,Oceania
Scandit,$1B,$273M,Warburg Pincus,Switzerland,Europe
PatSnap,$1B,$352M,"SoftBank Vision Fund, Tencent",Singapore,Asia
Quizlet,$1B,$62M,General Atlantic,United States,North America
Interos,$1B,$135M,Broadway Angels,United States,North America
C2FO,$1B,$538M,Third Point Ventures,United States,North America
Axelar Network,$1B,$64M,Crypto.com Capital,Canada,North America
Masterworks,$1B,$110M,Left Lane Capital,United States,North America
Hotmart,$1B,$127M,TCV,The Netherlands,Europe
FLYR Labs,$1B,$187M,WestCap,United States,North America
YipitData,$1B,$492M,The Carlyle Group,United States,North America
Bringg,$1B,$185M,Insight Partners,Israel,Asia
Clara,$1B,$169M,GGV Capital,Mexico,North America
Entrata,$1B,$507M,"Ryan Smith, Silver Lake",United States,North America
CommerceIQ,$1B,$196M,SoftBank Vision Fund,United States,North America
Noname Security,$1B,$220M,"Georgian, Lightspeed Venture Partners",United States,North America
SJ Semi,$2B,$920M,Walden International,China,Asia
EquipmentShare,$1B,$552M,BDT Capital Partners,United States,North America
Betterfly,$1B,$205M,Glade Brook Capital Partners,Chile,South America
Newsela,$1B,$172M,"Franklin Templeton Investments, TCV",United States,North America
Bluecore,$1B,$238M,Georgian,United States,North America
Sidecar Health,$1B,$163M,Drive Capital,United States,North America
Expel,$1B,$289M,"CapitalG, Paladin Capital Group",United States,North America
EBANX,$1B,$460M,Advent International,Brazil,South America
Owkin,$1B,$304M,Bristol Myers Squibb,United States,North America
Flash Express,$2B,$781M,Buer Capital,Thailand,Asia
GoGuardian,$1B,$200M,Tiger Global Management,United States,North America
FreshBooks,$1B,$156M,Accomplice,Canada,North America
WeLab,$1B,$875M,Allianz X,Hong Kong,Asia
Cider,$1B,$140M,DST Global,Hong Kong,Asia
Omio,$1B,$376M,"Kinnevik, Temasek Holdings",Germany,Europe
MinIO,$1B,$126M,Intel Capital,United States,North America
SnapLogic,$1B,$371M,Sixth Street Partners,United States,North America
Stytch,$1B,$126M,Coatue,United States,North America
Mark43,$1B,$229M,"The Spruce House Partnership, Tiger Global Management",United States,North America
DriveNets,$3B,$587M,D2 Investments,Israel,Asia
ReliaQuest,$1B,$330M,Kohlberg Kravis Roberts,United States,North America
Evidation Health,$1B,$259M,"Kaiser Permanente Ventures, OMERS Private Equity",United States,North America
Glia,$1B,$152M,Insight Partners,United States,North America
FabFitFun,$1B,$162M,Milano Investment Partners SGR,United States,North America
Dental Monitoring,$1B,$232M,Mérieux Equity Partners,France,Europe
Ample,$1B,$276M,Blackstone Group,United States,North America
Kopi Kenangan,$1B,$333M,Tybourne Capital Management,Indonesia,Asia
Lessen,$2B,$735M,Legacy Knight,United States,North America
Assent Inc.,$1B,$534M,Vista Equity Partners,Canada,North America
MediaMath,$1B,$325M,Searchlight Capital Partners,United States,North America
Movile,$1B,$588M,Prosus Ventures,Brazil,South America
Solo.io,$1B,$172M,Altimeter Capital,United States,North America
Wrapbook,$1B,$131M,Tiger Global Management,United States,North America
Immunai,$1B,$295M,Koch Disruptive Technologies,United States,North America
Chrono24,$1B,$206M,General Atlantic,Germany,Europe
HealthCare.com,$1B,$114M,Hildred Capital Partners,United States,North America
The Zebra,$1B,$257M,Accel,United States,North America
D2iq,$1B,$247M,"Koch Disruptive Technologies, T. Rowe Price",United States,North America
Moore Threads,$1B,$529M,"China Mobile Innovation Industry Fund, Hexie Health Insurance",China,Asia
Rothy's,$1B,$484M,Alpargatas,United States,North America
HMD,$1B,$330M,Ginko Ventures,Finland,Europe
Simply (formerly JoyTunes),$1B,$92M,Google Ventures,Israel,Asia
Vagaro,$1B,$163M,FTV Capital,United States,North America
Motorway,$1B,$276M,"ICONIQ Growth, Index Ventures",United Kingdom,Europe
Semios,$1B,$183M,Morningside Group,Canada,North America
Emerging Markets Property Group (EMPG),$1B,$479M,Affinity Partners,United Arab Emirates,Asia
Patpat,$1B,$211M,SoftBank Vision Fund,China,Asia
Vantage Data Centers,$1B,$3B,Colony Capital,United States,North America
Beisen,$1B,$388M,"Fidelity International, Goldman Sachs",China,Asia
Momenta,$1B,$1B,General Motors,China,Asia
Injective,$1B,$57M,Jump Crypto,United States,North America
Place,$1B,$100M,Goldman Sachs Asset Management,United States,North America
ProLogium Technology,$1B,$537M,China Reform Health Management and Services Group Co Ltd,Taiwan,Asia
Fiture,$1B,$391M,"All-Stars Investment, BAI capital",China,Asia
TechStyle Fashion Group,$1B,$336M,Shining Capital,United States,North America
JMGO,$1B,$377M,"IDG Capital, Oppo",China,Asia
GoGoX,$1B,$377M,"BOCOM International, Cyberport Macro Fund",Hong Kong,Asia
Cadence Solutions,$1B,$141M,Coatue,United States,North America
Scalapay,$1B,$443M,Poste Italiane,Italy,Europe
Mobvoi,$1B,$252M,Volkswagen Group,China,Asia
HAEGIN,$1B,$129M,SK Telecom,South Korea,Asia
Fumi Technology,$1B,$238M,Gopher Asset Management,China,Asia
Pet Circle,$1B,$125M,"Prysm Capital, TDM Growth Partners",Australia,Oceania
Fenbeitong,$1B,$292M,DST Global,China,Asia
MadeiraMadeira,$1B,$336M,"Dynamo, SOFTBANK Latin America Ventures",Brazil,South America
Kujiale,$1B,$235M,Hillhouse Capital Group,China,Asia
Jollychic,$1B,$96M,G42,China,Asia
Agile Robots AG,$1B,$270M,Foxconn Industrial Internet,Germany,Europe
Hasura,$1B,$137M,Greenoaks,India,Asia
Deeproute,$1B,$350M,Alibaba Group,China,Asia
Orca Bio,$1B,$192M,Lightspeed Venture Partners,United States,North America
EcoFlow Tech,$1B,$105M,Sequoia Capital China,United States,North America
OrCam Technologies,$1B,$86M,"Clal Insurance Enterprises Holdings, Meitav Investment House",Israel,Asia
ABOUT YOU,$1B,$300M,Bestseller,Germany,Europe
Zopa,$1B,$886M,SoftBank Vision Fund,United Kingdom,Europe
Hujiang Education Technologies,$1B,$187M,China Minsheng Investment Group,China,Asia
Sightline Payments,$1B,$348M,JP Morgan,United States,North America
Zhuanzhuan,$1B,$990M,Xiaomi,China,Asia
Pat McGrath Labs,$1B,$60M,Eurazeo,United States,North America
Yunxuetang,$1B,$389M,Matrix Partners China,China,Asia
Maimai,$1B,$300M,DST Global,China,Asia
LMAX Group,$1B,$ 0.00,,United Kingdom,Europe
BeiBei,$1B,$224M,"New Horizon Capital, Northern Light Venture Capital",China,Asia
Numbrs,$1B,$109M,Saidler & Co.,Switzerland,Europe
KKW Beauty,$1B,$200M,Coty,United States,North America
Tezign,$1B,$51M,Temasek Holdings,China,Asia
Squirrel AI Learning,$1B,$190M,,China,Asia
VNLIFE,$1B,$550M,"Dragoneer Investment Group, General Atlantic",Vietnam,Asia
Kakao Enterprise,$1B,$100M,Hy,South Korea,Asia
Shield AI,$2B,$478M,US Innovative Technology Fund,United States,North America
Moka,$1B,$144M,Tiger Global Management,China,Asia
Thought Machine,$3B,$563M,Temasek Holdings,United Kingdom,Europe
Interswitch,$1B,$321M,Visa,Nigeria,Africa
LinkDoc Technology,$1B,$253M,China Investment Corporation,China,Asia
Tresata,$1B,$51M,GCP Capital Partners,United States,North America
MiningLamp,$1B,$787M,"Temasek Holdings, Tencent",China,Asia
Yaoshibang,$1B,$496M,Tiger Global Management,China,Asia
Mia.com,$1B,$232M,Baidu,China,Asia
Bitfury Group,$1B,$170M,Korelya Capital,The Netherlands,Europe
Benlai,$1B,$349M,Mingde Holdings,China,Asia
Terminus Technologies,$1B,$623M,Warburg Pincus,China,Asia
DXY,$1B,$682M,Trustbridge Partners,China,Asia
Jushuitan Network Technology,$1B,$206M,Goldman Sachs,China,Asia
Contrast Security,$1B,$269M,Liberty Strategic Capital,United States,North America
TrialSpark,$1B,$156M,"Lachy Groom, Sam Altman",United States,North America
58 Daojia,$1B,$300M,,China,Asia
Geek+,$2B,$539M,CPE,China,Asia
YunQuNa,$1B,$257M,"CITIC Capital Holdings, Source Code Capital",China,Asia
Cameo,$1B,$166M,Headline,United States,North America
Banma Network Technologies,$1B,$697M,SDIC Fund Management,China,Asia
Mofang Gongyu,$1B,$650M,Caisse de Depot et Placement du Quebec,China,Asia
Playco,$1B,$144M,Meta,Japan,Asia
Huikedu Group,$1B,$302M,China Oceanwide,China,Asia
Knowbox,$1B,$306M,Alibaba Group,China,Asia
Yidian Zixun,$1B,$151M,Long De Cheng Zhang Culture Communication,China,Asia
Qualia,$1B,$160M,Tiger Global Management,United States,North America
Zwift,$1B,$620M,Kohlberg Kravis Roberts,United States,North America
Arrail Dental Clinic,$1B,$400M,Temasek Holdings,China,Asia
Red Ventures,$1B,$250M,Silver Lake,United States,North America
Zhaogang.com,$1B,$379M,West Fund,China,Asia
Aircall,$1B,$226M,HubSpot Ventures,France,Europe
Orbbec,$1B,$200M,Ant Group,China,Asia
COSMOplat,$1B,$162M,China Development Bank,China,Asia
Xforceplus,$1B,$200M,Temasek Holdings,China,Asia
HT Aero,$1B,$500M,"5Y Capital, IDG Capital",China,Asia
Mammoth Biosciences,$1B,$265M,Redmile Group,United States,North America
YH Global,$1B,$182M,"HNF, Yonghua Capital",China,Asia
Haomo.AI,$1B,$157M,Bank of China Group Investment,China,Asia
Ninebot,$1B,$247M,"China Mobile Innovation Industry Fund, SDIC Fund Management",China,Asia
Unisound,$1B,$361M,"China Internet Investment Fund, China Ministry of Finance",China,Asia
REEF,$1B,$2B,"Mubadala Capital Ventures, SoftBank",United States,North America
iFood,$5B,$592M,"Movile, Prosus & Naspers",Brazil,South America
Capsule,$1B,$570M,Durable Capital Partners,United States,North America
Verily,$1B,$4B,Google,United States,North America
Quantum Metric,$1B,$226M,Insight Partners,United States,North America
FXiaoKe,$1B,$283M,CDH Investments,China,Asia
SmartAsset,$1B,$161M,TTV Capital,United States,North America
Lookout,$1B,$282M,T. Rowe Price,United States,North America
Fractal Analytics,$1B,$685M,TPG Capital Asia,United States,North America
Yidao Yongche,$1B,$790M,China CITIC Bank,China,Asia
Xiaozhu.com,$1B,$572M,"Advantech Capital, YF Capital",China,Asia
Hyperchain Technologies,$1B,$250M,"E Fund Management Co.,LTD.",China,Asia
Moviebook,$1B,$302M,Yao Capital,China,Asia
KLOOK,$1B,$722M,Aspex Management,Hong Kong,Asia
VOI Technology,$1B,$516M,"The Raine Group, VNV Global",Sweden,Europe
Anyscale,$1B,$259M,"Addition, Intel Capital",United States,North America
Newlink,$1B,$699M,Bain Capital,China,Asia
Chronosphere,$2B,$342M,"Geodesic Capital, Google Ventures",United States,North America
Tenglong Holding Group,$1B,$4B,"Morgan Stanley Venture Partners, Nanshan Capital",China,Asia
Qiniu,$1B,$397M,YF Capital,China,Asia
Weights & Biases,$1B,$200M,NVIDIA,United States,North America
APUS Group,$1B,$116M,"Chengwei Capital, Qiming Venture Partners",China,Asia
Tencent Trusted Doctors,$1B,$255M,"Sequoia Capital China, Tencent",China,Asia
Heyday,$1B,$800M,"PremjiInvest, The Raine Group",United States,North America
Orchard,$1B,$252M,Accomplice,United States,North America
Infarm,$1B,$600M,Qatar Investment Authority,Germany,Europe
InvestCloud,$1B,$54M,"Clearlake Capital Group, Motive Partners",United States,North America
Revolution Precrafted,$1B,$15M,K2 Global,Philippines,Asia
sennder,$1B,$340M,Baillie Gifford,Germany,Europe
Womai,$1B,$330M,Taikang Life Insurance,China,Asia
Haydon,$1B,$100M,"Hillhouse Capital Group, Tencent",China,Asia
Lamabang,$1B,$130M,Suning.com,China,Asia
Tenstorrent,$1B,$235M,Fidelity Management and Research Company,Canada,North America
1KMXC,$1B,$86M,Haoteng Asia,China,Asia
Vise,$1B,$128M,Ribbit Capital,United States,North America
Augury,$1B,$294M,Baker Hughes,United States,North America
Amount,$1B,$283M,WestCap,United States,North America
Lydia,$1B,$260M,"Accel, Dragoneer Investment Group",France,Europe
SmartMi International Limited,$1B,$50M,GIC,China,Asia
G42,$1B,$ 0.00,Mubadala,United Arab Emirates,Asia
Qingju,$1B,$2B,Didi,China,Asia
Wifi Skeleton Key,$1B,$52M,Eight Roads Ventures,China,Asia
Pentera,$1B,$190M,"K1 Investment Management, LLC",Israel,Asia
Meero,$1B,$293M,"Avenir Growth Capital, Eurazeo",France,Europe
Shouqi Limousine & Chauffeur,$1B,$140M,"Baidu, NIO Capital",China,Asia
Huasheng Haoche,$1B,$360M,Crescent Group (Crescent Point),China,Asia
Swile,"$1,000M",$326M,SoftBank,France,Europe
Emplifi,$1B,$ 0.00,Sixth Street Partners,United States,North America
CargoX,$1B,$390M,"SOFTBANK Latin America Ventures, Tencent",Brazil,South America
XTransfer,$1B,$168M,D1 Capital Partners,China,Asia
Lianshang Literature,$1B,$20M,HOPU Investment Management Company,China,Asia
GeoComply,$1B,$ 0.00,"Arctos Sports Partners, Norwest Venture Partners",Canada,North America
Carson Group,$1B,$ 0.00,Bain Capital,United States,North America
Iodine Software,$1B,$ 0.00,Advent International,United States,North America
Kendra Scott Design,$1B,$ 0.00,Berkshire Partners,United States,North America
VNG,$1B,$500K,CyberAgent Capital,Vietnam,Asia
JD.ID,$1B,$ 0.00,Gojek,Indonesia,Asia
Grupo Axo,$1B,$ 0.00,BlackRock Private Equity Partners,Mexico,North America
Xiaoice,$1B,$138M,Hillhouse Capital Group,China,Asia
assembly,$1B,$ 0.00,Advent International,United States,North America
POIZON,$1B,$ 0.00,DST Global,Hong Kong,Asia
ZigBang,$2B,$204M,Shinhan Venture Investment,South Korea,Asia
Astera Labs,$3B,$206M,Fidelity Management and Research Company,United States,North America
SingleStore,$1B,$414M,"Goldman Sachs, Prosperity7 Ventures",United States,North America
Shiprocket,$1B,$387M,"Lightrock, Temasek Holdings",India,Asia
Rimac Group,$2B,$876M,"Goldman Sachs, SoftBank Vision Fund",Croatia,Europe
Material Bank,$2B,$323M,Brookfield Growth,United States,North America
Quikr,$900M,$334M,"Kinnevik, Tiger Global Management",India,Asia
Multiverse,$2B,$414M,"General Catalyst, Lightspeed Venture Partners",United Kingdom,Europe
DataStax,$2B,$343M,GS Growth,United States,North America
Beamery,$1B,$223M,Teachers’ Venture Growth,United Kingdom,Europe
Biofourmis,$1B,$464M,Intel Capital,United States,North America
Purplle,$1B,$296M,Paramark Ventures,India,Asia
FPL Technologies,$1B,$225M,MacRitchie Investments,India,Asia
MobiKwik,$1B,$149M,Abu Dhabi Investment Authority,India,Asia
Imply,$1B,$215M,Thoma Bravo,United States,North America
Wasabi Technologies,$1B,$397M,"Azura Partners, SiS Distribution Thailand",United States,North America
Kindbody,$2B,$206M,Morgan Health,United States,North America
Kushki,$2B,$194M,Kaszek,Ecuador,South America
Prosper Marketplace,$550M,$414M,Eight Roads Ventures,United States,North America
OneFootball,$1B,$442M,Liberty City Ventures,Germany,Europe
Factorial,$1B,$220M,Atomico,Spain,Europe
Lime,$510M,$935M,Uber,United States,North America
Open,$1B,$187M,IIFL Finance,India,Asia
Tridge,$3B,$114M,DS Asset Management,South Korea,Asia
Vanta,$2B,$203M,CrowdStrike,United States,North America
Abnormal Security,$4B,$284M,CrowdStrike Falcon Fund,United States,North America
Newfront,$2B,$310M,"B Capital Group, Goldman Sachs Asset Management",United States,North America
LeVP,$355M,$240M,Sunac China Holdings,China,Asia
Rapid,$1B,$273M,SoftBank Vision Fund,United States,North America
Genies,$1B,$267M,Silver Lake,United States,North America
Snapdeal,$7B,$2B,Anand Piramal,India,Asia
PhonePe,$12B,$2B,General Atlantic,India,Asia
Meesho,$5B,$1B,"B Capital Group, Fidelity Management and Research Company",India,Asia
Moglix,$3B,$472M,"Alpha Wave Global, Tiger Global Management",Singapore,Asia
Yubi,$1B,$227M,"B Capital Group, Dragoneer Investment Group",India,Asia
Salsify,$2B,$453M,TPG,United States,North America
Rad Power Bikes,$2B,$329M,Fidelity Management and Research Company,United States,North America
Coda Payments,$2B,$715M,"GIC, Insight Partners",Singapore,Asia
MSquared,$1B,$150M,"Andreessen Horowitz, SoftBank Vision Fund",United Kingdom,Europe
Tata Passenger Electric Mobility,$9B,$988M,TPG Rise Climate Fund,India,Asia
Clipboard Health,$1B,$94M,Sequoia Capital,United States,North America
Oyster HR,$1B,$224M,Georgian,United States,North America
UPSIDE Foods,$1B,$598M,"Abu Dhabi Growth Fund, Temasek Holdings",United States,North America
The Boring Company,$10B,$913M,"Sequoia Capital, Vy Capital",United States,North America
NexHealth,$1B,$177M,Buckley Ventures,United States,North America
Instabox,$1B,$292M,Swedbank Robur,Sweden,Europe
Crusoe Energy Systems,$2B,$513M,G2 Venture Partners,United States,North America
Divergent,$1B,$348M,Hexagon,United States,North America
SonarSource,$5B,$457M,"Advent International, General Catalyst",Switzerland,Europe
Movable Ink,$1B,$97M,Silver Lake Waterman,United States,North America
Taxfix,$1B,$330M,Ontario Teachers' Pension Plan,Germany,Europe
iSpot.tv,$1B,$383M,Goldman Sachs,United States,North America
Upside,$2B,$65M,General Catalyst,United States,North America
Teleport,$1B,$169M,Bessemer Venture Partners,United States,North America
Group14 Technologies,$3B,$649M,Porsche,United States,North America
Good Choice Company,$1B,$39M,,South Korea,Asia
iCIMS,$3B,$93M,TA Associates,United States,North America
Polarium,$1B,$124M,AMF,Sweden,Europe
Anthropic,$4B,$1B,Spark Capital,United States,North America
KuCoin,$10B,$180M,Susquehanna International Group (SIG),Seychelles,Africa
Hugging Face,$2B,$160M,Lux Capital,United States,North America
Arcadia,$2B,$490M,Magnetar Capital,United States,North America
Mashgin,$2B,$74M,New Enterprise Associates,United States,North America
Paddle,$1B,$293M,Kohlberg Kravis Roberts,United Kingdom,Europe
Talos,$1B,$145M,General Atlantic,United States,North America
reMarkable,$1B,$24M,Spark Capital,Norway,Europe
Material Security,$1B,$162M,Founders Fund,United States,North America
Habi,$1B,$316M,"Homebrew, SOFTBANK Latin America Ventures",Colombia,South America
Dock,$2B,$280M,"Lightrock, Silver Lake Waterman",Brazil,South America
Optibus,$1B,$260M,Volvo Group Venture Capital,Israel,Asia
Unit,$1B,$170M,Insight Partners,United States,North America
Glean,$1B,$155M,Sequoia Capital,United States,North America
OHouse,$1B,$259M,Bond,South Korea,Asia
Caribou,$1B,$189M,Goldman Sachs,United States,North America
Opn,$1B,$220M,"SCB 10X, SPARX Group",Japan,Asia
Monte Carlo,$2B,$236M,IVP,United States,North America
Babel Finance,$2B,$120M,"10T Holdings, Jeneration Capital",Hong Kong,Asia
Nowports,$1B,$243M,SOFTBANK Latin America Ventures,Mexico,North America
Semperis,$1B,$240M,Kohlberg Kravis Roberts,United States,North America
TransferMate,$1B,$130M,RPMI Railpen,Ireland,Europe
Kunlun,$2B,$ 0.00,CPE,China,Asia
ZipHQ,$1B,$81M,Y Combinator Continuity Fund,United States,North America
Velocity Global,$1B,$500M,"Eldridge, Norwest Venture Partners",United States,North America
ROX Motor,$2B,$420M,"IDG Capital, Tencent",China,Asia
NIUTRON,$1B,$500M,"Coatue, IDG Capital",China,Asia
Clear Street,$2B,$470M,Prysm Capital,United States,North America
JupiterOne,$1B,$119M,Tribe Capital,United States,North America
Ultima Genomics,$1B,$600M,,United States,North America
Perimeter 81,$1B,$165M,B Capital Group,Israel,Asia
Vayyar,$2B,$296M,Koch Disruptive Technologies,Israel,Asia
Physics Wallah,$1B,$100M,"GSV Ventures, Westbridge Capital",India,Asia
Backbase,$3B,$129M,Motive Partners,The Netherlands,Europe
Immuta,$1B,$258M,ServiceNow,United States,North America
Invoca,$1B,$201M,Silver Lake Waterman,United States,North America
Cirkul,$1B,$112M,SC.Holdings,United States,North America
Scivita Medical Technology,$1B,$124M,"GL Ventures, Lilly Asia Ventures",China,Asia
EcoVadis,$1B,$733M,"Astorg, Beyond Net Zero",France,Europe
AlphaSense,$2B,$590M,CapitalG,United States,North America
airSlate,$1B,$132M,G Squared,United States,North America
Branch,$1B,$230M,Weatherford Capital,United States,North America
MegaRobo,$1B,$426M,"Asia Investment Capital, GGV Capital",China,Asia
Recover,$1B,$100M,Goldman Sachs Asset Management,Spain,Europe
Vendr,$1B,$216M,"Craft Ventures, SoftBank Vision Fund",United States,North America
Turntide Technologies,$1B,$266M,OGCI Climate Investments,United States,North America
Magic Eden,$2B,$170M,"Electric Capital, Greylock",United States,North America
Juwan Technology,$1B,$166M,Guangzhou Automobile Group,China,Asia
LeadSquared,"$1,000M",$188M,Westbridge Capital,India,Asia
MNTN,$1B,$184M,"BlackRock, Fidelity Management and Research Company",United States,North America
thatgamecompany,$1B,$189M,NetEase Capital,United States,North America
Zongmu,$1B,$376M,"Caitong Capital, Dongyang State-Owned Assets Investment",China,Asia
Yunyinggu,$1B,$121M,Sequoia Capital China,China,Asia
SumUp,$8B,$682M,Bain Capital Tech Opportunities,United Kingdom,Europe
Pave,$2B,$163M,Index Ventures,United States,North America
Front,$2B,$204M,"Battery Ventures, Salesforce Ventures",United States,North America
Electrify America,$2B,$450M,Siemens Financial Services,United States,North America
Arqiva,$1B,$ 0.00,Canada Pension Plan Investment Board,United Kingdom,Europe
Insilico Medicine,$860M,$400M,Prosperity7 Ventures,Hong Kong,Asia
Visby Medical,$1B,$328M,Lightrock,United States,North America
Jaguar Microsystems,$1B,$ 0.00,Tencent,China,Asia
FourKites,$1B,$242M,Mitsui & Co,United States,North America
ENOVATE Motors,$4B,$1B,,China,Asia
Flexe,$1B,$263M,BlackRock,United States,North America
VulcanForms,$895M,$355M,Eclipse Ventures,United States,North America
Tebra,$1B,$137M,Golub Capital,United States,North America
JLSemi,$1B,$90M,"Renchen Semiconductor, Summitview Capital",China,Asia
5ire,$2B,$121M,SRAM & MRAM,United Kingdom,Europe
Stori,$1B,$225M,"BAI capital, GGV Capital",Mexico,North America
ClassDojo,$1B,$191M,Tencent,United States,North America
Exterro,$1B,$100M,"Coller Capital, Glendower Capital",United States,North America
Wonder,$4B,$750M,Bain Capital Ventures,United States,North America
Copper,$2B,$266M,"Barclays Ventures, Tiger Global Management",United Kingdom,Europe
MegazoneCloud,$2B,$673M,"IMM Private Equity, MBK Partners",South Korea,Asia
Unstoppable Domains,$1B,$72M,Pantera Capital,United States,North America
Lionheart Studio,$3B,$9M,"Kakao Games, Wemade",South Korea,Asia
Everside Health,$1B,$329M,New Enterprise Associates,United States,North America
OpenAI,$29B,$11B,Microsoft,United States,North America
Prodege,$1B,$60M,Great Hill Partners,United States,North America
Paystand,$1B,$98M,NewView Capital,United States,North America
Younited,$1B,$444M,"Bridgepoint, Goldman Sachs",France,Europe
Freenome,$1B,$1B,Roche,United States,North America
Reliance Retail,$63B,$6B,Saudi Arabia's Public Investment Fund,India,Asia
Reliance Jio,$58B,$20B,Google,India,Asia
FNZ,$20B,$1B,"CPP Investments, Motive Partners",United Kingdom,Europe
Radiology Partners,$4B,$1B,Starr Investment Holdings LLC,United States,North America
iFIT,$3B,$580M,L Catterton,United States,North America
JOLED,$2B,$838M,CSOT,Japan,Asia
DANA Wallet Indonesia,$1B,$250M,Sinar Mas Group,Indonesia,Asia
Orna Therapeutics,$2B,$321M,Merck,United States,North America
Incredible Health,$2B,$97M,444 Capital,United States,North America
Flow,$1B,$350M,Andreessen Horowitz,United States,North America
SAIC Mobility,$1B,$193M,SAIC Motor,China,Asia
Sunwoda Electric Vehicle Battery,$4B,$885M,"Broad Vision Funds, Co-Stone Venture Capital",China,Asia
TerraPower,$1B,$750M,"Bill Gates, SK Group",United States,North America
Oasis Market,$875M,$71M,Home & Shopping,South Korea,Asia
EV Co.,$9B,$486M,,India,Asia
Zhiji Auto,$4B,$444M,BOCOM International,China,Asia
Upstox,$4B,$143M,Tiger Global Management,India,Asia
SeatGeek,$1B,$400M,Accel,United States,North America
1mg,$1B,$200M,Tata Digital,India,Asia
21.co,$2B,$35M,Marshall Wace,Switzerland,Europe
Zebec,$1B,$43M,"Distributed Global, Solana Ventures",United States,North America
TeraWatt Infrastructure,$1B,$1B,Vision Ridge Capital Partners,United States,North America
Swiftly,$1B,$216M,BRV Capital Management,United States,North America
Immutable Systems,$3B,$280M,Temasek Holdings,Australia,Oceania
Molbio Diagnostics,$2B,$117M,Temasek Holdings,India,Asia
LINE MAN Wongnai,$1B,$375M,"GIC, LINE Plus Corporation",Thailand,Asia
Satispay,$1B,$471M,Addition,Italy,Europe
Rakuten Securities,$3B,$ 0.00,,Japan,Asia
Equashield,$1B,$ 0.00,,United States,North America
Kredivo Holdings,$2B,$530M,Mizuho Bank,Indonesia,Asia
Stability AI,$1B,$99M,"Coatue, Lightspeed Venture Partners",United Kingdom,Europe
Uniswap,$2B,$176M,Polychain,United States,North America
Form Energy,$1B,$815M,"The Rise Fund, TPG Rise Climate Fund",United States,North America
Mavenir,$1B,$860M,Siris Capital Group,United States,North America
Jasper,$2B,$131M,Insight Partners,United States,North America
Celestia,$1B,$57M,"Bain Capital Crypto, Polychain",Liechtenstein,Europe
GAC Aion New Energy Automobile,$14B,$3B,,China,Asia
Jetti Resources,$3B,$169M,BMW i Ventures,United States,North America
Bilt Rewards,$2B,$213M,Left Lane Capital,United States,North America
Wealthfront,$1B,$205M,UBS,United States,North America
Vesttoo,$1B,$103M,Mouro Capital,Israel,Asia
Aptean,$4B,$50M,Charlesbank Capital Partners,United States,North America
boAt,$1B,$108M,Qualcomm Ventures,India,Asia
Xanadu,$1B,$231M,Georgian,Canada,North America
Beijing Weilan New Energy Technology,$2B,$303M,China State-owned Enterprise Mixed Ownership Reform Fund,China,Asia
Wayve,$1B,$257M,Eclipse Ventures,United Kingdom,Europe
Voyah,$4B,$702M,,Japan,Asia
ABB E-Mobility,$3B,$358M,,,
JIANGXIAOBAI,$2B,$453M,China Renaissance,China,Asia
SemiDrive,$1B,$366M,Shang Qi Capital,China,Asia
SFCC,$2B,$817M,,China,Asia
MasterControl,$1B,$150M,Sixth Street Partners,United States,North America
Mysten Labs,$2B,$336M,FTX Ventures,United States,North America
Vital Thin Film Materials,$2B,$815M,CICC,China,Asia
Soterea,$1B,$204M,Ping An Capital,China,Asia
SVOLT,$6B,$3B,Bank of China Group Investment,China,Asia
Cerebral,$5B,$462M,SoftBank Vision Fund,United States,North America
Remote,$3B,$496M,SoftBank Vision Fund,United States,North America
Maropost,$2B,$ 0.00,,Canada,North America
Redesign Health,$2B,$315M,General Catalyst,United States,North America
Innovusion,$1B,$278M,Hermitage Capital,United States,North America
HeadSpin,$1B,$91M,Atlassian Ventures,United States,North America
Teld New Energy,$1B,$396M,"CDH Investments, China Reform Holdings Corporation",China,Asia
Fever,$2B,$409M,Goldman Sachs,United States,North America
Cambridge Mobile Telematics,$1B,$503M,SoftBank Vision Fund,United States,North America
Gokin Solar,$1B,$616M,"IDG Capital, Zhuhai Huafa Group",Japan,Asia
Tessera Therapeutics,$2B,$532M,"Alaska Permanent Fund, SoftBank Vision Fund",United States,North America
DeepL,$1B,$100M,IVP,Germany,Europe
ShiftKey,$2B,$300M,Lorient Capital,United States,North America
Dream11,$8B,$1B,"D1 Capital Partners, DST Global",India,Asia
Xpansiv,$2B,$278M,"Bank of America, Goldman Sachs",United States,North America
Greenlight,$2B,$557M,Andreessen Horowitz,United States,North America
MNT-Halan,$1B,$380M,Chimera Investment,Egypt,Africa
Our Next Energy,$1B,$390M,"Fifth Wall, Franklin Templeton",United States,North America
Yuze Semiconductor,$1B,$177M,,China,Asia
Huasun Energy,$1B,$353M,Hongtai Fund,China,Asia
Astronergy,$1B,$219M,Yunhao Capital,China,Asia
Chint Anneng Digital Energy,$2B,$729M,,China,Asia
Atmosphere,$1B,$194M,"S3 Ventures, Sageview Capital",United States,North America
Parametrix.ai,$1B,$130M,Sequoia Capital China,China,Asia
Kelun Biotech,$1B,$278M,CMG-SDIC Capital Management,China,Asia
Aqara,$1B,$272M,Shenzhen Capital Group,China,Asia
Colossal Biosciences,$1B,$225M,US Innovative Technology Fund,United States,North America
LIQUiDITY Group,$1B,$114M,MUFG Bank,United States,North America
Bluepha,$1B,$303M,Zhongping Capital,China,Asia
Character.ai,$1B,$150M,Andreessen Horowitz,,
Tianyu Semiconductor,$2B,$177M,,China,Asia
SiEngine Technology,$1B,$220M,Sequoia Capital China,China,Asia
Qinghai Lihao,$2B,$306M,,China,Asia
CanSemi,$1B,$981M,Guangzhou Industrial Investment Group,China,Asia
Fujian Deer Technology,$2B,$290M,,China,Asia
Zhenkunxing,$2B,$999M,YF Capital,China,Asia
Kunlun Core,$2B,$ 0.00,CPE,China,Asia
United Aircraft,$1B,$291M,Chengdu Heavy Industry Qingyue Fund,,
Adept AI,$145K,$415M,"General Catalyst, Spark Capital",United States,North America
Lotus Technology,$5B,$ 0.00,,China,Asia
Quantexa,$2B,$370M,GIC,United Kingdom,Europe
Replit,$1B,$202M,Andreessen Horowitz,United States,North America
Ava Labs,$5B,$640M,,United States,North America
Scroll.io,$2B,$80M,Qiming Venture Partners,Seychelles,Africa
Raisin,$1B,$301M,M&G Investments,Germany,Europe
Wilson Wolf Corporation,$1B,$257M,Bio-Techne,United States,North America
BFMeta,$1B,$ 0.00,Goldman Sachs,United States,North America
Amarenco,$1B,$515M,Arjun Infrastructure Partners,Ireland,Europe
B&C Chemical,$1B,$133M,"China Development Bank Capital, Zhongping Capital",China,Asia
CoreWeave,$2B,$277M,Magnetar Capital,United States,North America
Ohmium,$1B,$295M,TPG Rise Climate Fund,United States,North America
Paulo Bear,$2B,$120M,Sequoia Capital,,