,Company,Post Money Value,Total Equity Funding,Lead Investors Include,Country,URL
0,ByteDance,$220B,$8B,"Kohlberg Kravis Roberts Japan, Sequoia Capital",China,https://www.bytedance.com/
1,Ant Group,$150B,$19B,"GIC, KG Investments",China,https://www.antgroup.com/
2,SpaceX,$125B,$9B,Mirae Asset Venture Investment,United States,
3,Shein,$100B,$2B,"Sequoia Capital China, Tiger Global Management",China,
4,Stripe,$50B,$9B,"Andreessen Horowitz, Baillie Gifford",United States,
5,Klarna,$7B,$4B,SoftBank Vision Fund,Sweden,https://klarna.com/
6,Canva,$40B,$572M,T. Rowe Price,Australia,https://www.canva.com
7,Checkout.com,$40B,$2B,Tiger Global Management,United Kingdom,https://checkout.com/
8,Instacart,$39B,$3B,"Andreessen Horowitz, D1 Capital Partners",United States,https://www.instacart.com/
9,JUUL,$38B,$14B,Altria,United States,
10,Databricks,$38B,$3B,Counterpoint Global,United States,https://databricks.com
11,Revolut,$33B,$2B,Woodford Investment Management,United Kingdom,https://revolut.com/
12,Epic Games,$32B,$6B,"KIRKBI, Sony",United States,https://epicgames.com
13,Cruise,$30B,$8B,General Motors,United States,
14,Waymo,$30B,$6B,"Fidelity Management and Research Company, Perry Creek Capital",United States,https://waymo.com/
15,Alibaba Bendi Shenghuo Fuwu Gongsi,$30B,$4B,"Alibaba Group, SoftBank Vision Fund",China,
16,Fanatics,$31B,$5B,Clearlake Capital Group,United States,
17,Chime,$25B,$2B,Sequoia Capital Global Equities,United States,
18,BYJU’S,$22B,$5B,Qatar Investment Authority,India,https://byjus.com
19,Xiaohongshu,$20B,$918M,"Temasek Holdings, Tencent",China,https://xiaohongshu.com
20,J&T Express,$20B,$5B,"Boyu Capital, Hillhouse Capital Group",Indonesia,
21,Lineage Logistics,$18B,$7B,D1 Capital Partners,United States,https://lineagelogistics.com
22,JD Digits,$18B,$5B,"APOFCO, CICC",China,
23,Miro,$18B,$476M,ICONIQ Capital,United States,
24,Yuanfudao,$17B,$4B,YF Capital,China,
25,Trendyol Group,$17B,$2B,"General Atlantic, SoftBank Vision Fund",Turkey,https://www.trendyol.com
26,Discord,$15B,$979M,Dragoneer Investment Group,United States,
27,Gopuff,$15B,$3B,Robert Iger,United States,https://gopuff.com
28,Rapyd,$15B,$770M,"Tal Ventures, Target Global",United Kingdom,
29,Genki Forest,$15B,$721M,Temasek Holdings,China,
30,CloudKitchens,$15B,$1B,Saudi Arabia's Public Investment Fund,United States,https://www.cloudkitchens.com/
31,Blockchain.com,$14B,$490M,Kingsway Capital,United Kingdom,https://blockchain.com
32,Plaid,$13B,$734M,Altimeter Capital,United States,
33,OpenSea,$13B,$427M,"Coatue, Paradigm",United States,https://opensea.io/
34,Grammarly,$13B,$400M,"Baillie Gifford, BlackRock",United States,https://grammarly.com
35,Devoted Health,$13B,$2B,"SoftBank Vision Fund, Uprising Ventures",United States,
36,Faire,$13B,$2B,"D1 Capital Partners, Dragoneer Investment Group",United States,
37,Brex,$12B,$1B,"Greenoaks, TCV",,http://brex.com/
38,GoodLeap,$12B,$ 0.00,,United States,https://goodleap.com/
39,Biosplice Therapeutics,$12B,$778M,"aMoon Fund, Eventide",United States,
40,Xingsheng Youxuan,$12B,$5B,Ontario Teachers' Pension Plan,China,
41,Bitmain,$15B,$765M,Crimson Ventures,China,http://bitmain.com
42,Getir,$12B,$2B,"Mubadala, Tiger Global Management",Turkey,https://www.getir.com/
43,Northvolt,$12B,$4B,"Andra AP-fonden, First Swedish National Pension Fund",Sweden,https://northvolt.com/
44,Airtable,$12B,$1B,XN,United States,https://airtable.com/
45,Celonis,$13B,$2B,Qatar Investment Authority,Germany,https://celonis.com
46,Bolt,$11B,$972M,"General Atlantic, Westcap",United States,
47,Swiggy,$11B,$4B,Invesco,India,https://swiggy.in
48,Notion,$10B,$343M,"Coatue, Sequoia Capital",United States,
49,Alchemy,$10B,$564M,"Lightspeed Venture Partners, Silver Lake",United States,
50,Digital Currency Group,$10B,$ 0.00,OMERS Ventures,United States,http://dcg.co
51,Ripple,$10B,$294M,Tetragon Financial Group Limited,United States,
52,Reddit,$10B,$1B,Fidelity Management and Research Company,United States,
53,Zuoyebang,$10B,$3B,"FountainVest Partners, Tiger Global Management",China,
54,Chehaoduo,$10B,$4B,"H Capital Advance, Sequoia Capital China",China,
55,Talkdesk,$10B,$497M,Viking Global Investors,United States,
56,Thrasio,$10B,$2B,"Advent International, Silver Lake",United States,
57,Lalamove,$10B,$2B,"Hillhouse Capital Group, Sequoia Capital China",Hong Kong,https://www.lalamove.com
58,OYO,$10B,$3B,Microsoft,India,
59,OutSystems,$4B,$802M,Kohlberg Kravis Roberts,United States,https://www.outsystems.com/
60,Gusto,$10B,$746M,Friends & Family Capital,United States,
61,ServiceTitan,$10B,$1B,Thoma Bravo,United States,
62,Klaviyo,$9B,$779M,Shopify,United States,https://www.klaviyo.com
63,N26,$9B,$2B,"Coatue, Third Point Ventures",Germany,
64,Niantic,$9B,$770M,Coatue,United States,
65,Tanium,$9B,$775M,Salesforce Ventures,United States,https://www.tanium.com/
66,Yanolja,$9B,$2B,SoftBank Vision Fund,South Korea,
67,Zeekr,$13B,$2B,"Geely, Geely Auto Group",China,http://zeekrlife.com
68,Ping An Healthcare Management,$9B,$1B,"SBI Group, SoftBank Vision Fund",China,
69,Kavak,$9B,$2B,General Catalyst,Mexico,
70,Snyk,$7B,$1B,ServiceNow,United States,https://snyk.io
71,Nuro,$9B,$2B,Tiger Global Management,United States,https://nuro.ai
72,Dunamu,$12B,$741M,IMM Investment,South Korea,
73,Pony.ai,$9B,$1B,Ontario Teachers' Pension Plan,United States,https://www.pony.ai/
74,Bolt,$8B,$2B,"Fidelity Management and Research Company, Sequoia Capital",Estonia,
75,Tipalti,$8B,$549M,G Squared,United States,
76,Lacework,$8B,$2B,Google Ventures,United States,
77,The CrownX,$8B,$750M,"Alibaba Group, Baring Private Equity Asia",Vietnam,
78,Ramp,$8B,$667M,Founders Fund,United States,
79,Tempus,$8B,$920M,Google,United States,
80,DJI,$8B,$105M,Accel,China,
81,Flexport,$8B,$2B,"Andreessen Horowitz, MSD Partners",United States,https://flexport.com
82,Fireblocks,$8B,$1B,"D1 Capital Partners, Spark Capital",United States,
83,THG Ingenuity,$8B,$2B,SoftBank,United Kingdom,
84,Caris Life Sciences,$8B,$1B,Sixth Street Partners,United States,
85,Hopin,$8B,$1B,"Altimeter Capital, Arena Holdings",United Kingdom,
86,CALB,$8B,$2B,,China,
87,AutoStore,$8B,$ 0.00,,Norway,
88,Jiedaibao,$8B,$694M,,China,http://jiedaibao.com
89,Dapper Labs,$8B,$613M,Coatue,Canada,
90,Netskope,$8B,$1B,Morgan Stanley,United States,
91,Razorpay,$7B,$742M,"Alkeon Capital, Lone Pine Capital",India,
92,Toss,$7B,$1B,Tonic Private Equity,South Korea,
93,Carta,$7B,$1B,Silver Lake,United States,
94,Kakao Japan,$7B,$652M,Anchor Equity Partners,Japan,
95,Scale AI,$7B,$603M,"Dragoneer Investment Group, Greenoaks",United States,
96,Gong,$7B,$583M,Franklin Templeton Investments,United States,
97,Navan,$9B,$1B,Greenoaks,United States,
98,Gemini,$7B,$424M,Draper Dragon,United States,
99,NYDIG,$7B,$1B,WestCap,United States,
100,ConsenSys,$7B,$660M,ParaFi Capital,United States,https://consensys.net/
101,Ro,$7B,$1B,ShawSpring Partners,United States,
102,Impossible Foods,$7B,$2B,Mirae Asset,United States,https://impossiblefoods.com
103,Meicai,$7B,$1B,"Hillhouse Capital Group, Shunwei Capital",China,
104,Constellation Automotive Group,$7B,$1B,,United Kingdom,
105,Attentive,$7B,$863M,Coatue,United States,
106,1Password,$7B,$920M,ICONIQ Growth,Canada,https://1password.com/
107,Automation Anywhere,$7B,$849M,"Arctic Ventures, Mindrock Capital",United States,https://www.automationanywhere.com/
108,Ola,$7B,$4B,"Arrow Capital Partners, Axis Asset Management Company",India,
109,Ziroom,$7B,$2B,SoftBank Vision Fund,China,
110,CRED,$6B,$801M,GIC,India,
111,Rippling,$11B,$1B,Greenoaks,United States,
112,Mollie,$6B,$928M,Blackstone Group,The Netherlands,
113,Doctolib,$6B,$815M,Eurazeo,France,
114,Personio,$8B,$724M,Greenoaks,Germany,
115,Upgrade,$6B,$587M,"Coatue, DST Global",United States,
116,DataRobot,$6B,$1B,"Altimeter Capital, Tiger Global Management",United States,
117,Hinge Health,$6B,$826M,"Coatue, Tiger Global Management",United States,
118,Benchling,$6B,$412M,"Altimeter Capital, Franklin Templeton Investments",United States,
119,CMC,$6B,$2B,"Alibaba Group, Tencent",China,
120,Lianjia,$6B,$1B,Vanke,China,http://www.lianjia.com
121,Wiz,$10B,$900M,"Greenoaks, Index Ventures",Israel,
122,Better.com,$6B,$405M,L Catterton,United States,https://better.com/
123,iCapital Network,$6B,$729M,Bank of America,United States,
124,OneStream Software,$6B,$200M,D1 Capital Partners,United States,
125,Didi Woya,$6B,$1B,Guangzhou Automobile Group,China,
126,Lyra Health,$6B,$910M,Dragoneer Investment Group,United States,
127,Vice Media,$6B,$1B,TPG,United States,
128,Cityblock Health,$6B,$891M,SoftBank,United States,
129,Workato,$6B,$415M,Battery Ventures,United States,
130,Back Market,$518B,$1B,Sprints,France,
131,RELEX Solutions,$6B,$803M,Blackstone Group,Finland,
132,Postman,$6B,$433M,Insight Partners,United States,
133,Fivetran,$6B,$728M,Andreessen Horowitz,United States,
134,PharmEasy,$6B,$1B,Vestin Wolf Capital Management,India,http://www.pharmeasy.in
135,Mambu,$6B,$448M,EQT,Germany,
136,Airwallex,$6B,$902M,Lone Pine Capital,Australia,https://airwallex.com
137,Deel,$12B,$679M,Coatue,United States,
138,WeDoctor,$7B,$1B,"Millennium Management, Sequoia Capital China",China,
139,CloudWalk Technology,$5B,$514M,"Oriza Holdings, Puhua Capital",China,
140,OneTrust,$5B,$970M,SoftBank Vision Fund,United States,https://www.onetrust.com/
141,Trade Republic,$5B,$1B,Ontario Teachers' Pension Plan,Germany,
142,Rappi,$5B,$2B,T. Rowe Price,Colombia,http://www.about.rappi.com/
143,Collibra,$5B,$596M,"Sequoia Capital Global Equities, Sofina",Belgium,
144,6sense,$5B,$426M,"Blue Owl, MSD Partners",United States,
145,QuintoAndar,$5B,$755M,"Greenoaks, Tencent",Brazil,
146,SambaNova Systems,$5B,$1B,SoftBank Vision Fund,United States,
147,Xiaodu,$5B,$ 0.00,China Structural Reform Fund,China,
148,Pine Labs,$5B,$963M,Vitruvian Partners,India,https://www.pinelabs.com
149,United Imaging Healthcare,$5B,$503M,SDIC Fund Management,China,
150,C6 Bank,$5B,$2B,JPMorgan Chase & Co.,Brazil,
151,Qonto,$5B,$709M,"TCV, Tiger Global Management",France,
152,Hopper,$5B,$695M,Capital One Ventures,Canada,
153,OfBusiness,$5B,$734M,"Alpha Wave Global, SoftBank Vision Fund",India,
154,Icertis,$5B,$291M,Silicon Valley Bank,United States,https://www.icertis.com/
155,Octopus Energy,$5B,$2B,Canada Pension Plan Investment Board,United Kingdom,https://octopus.energy
156,VerSe Innovation,$5B,$2B,"CPP Investments, Google",India,
157,BetterUp,$5B,$567M,"ICONIQ Growth, Lightspeed Venture Partners",United States,
158,Moon Active,$5B,$ 0.00,,Israel,
159,Zepz,$5B,$655M,Farallon Capital Management,United Kingdom,
160,UBTech Robotics,$4B,$943M,Tencent,China,https://ubtrobot.com/
161,WeBank,$5B,$183M,Tencent,China,
162,WeWork China,$5B,$1B,Trustbridge Partners,China,
163,Royole Corporation,$5B,$492M,Yingke Capital,China,
164,Cockroach Labs,$5B,$633M,Greenoaks,United States,
165,Ola Electric,$5B,$761M,Temasek Holdings,India,https://olaelectric.com
166,Creditas,$5B,$874M,Andbank,Brazil,
167,Chipone Technology,$5B,$1B,Oceanpine Capital,China,
168,Binance.US,$5B,$200M,,United States,
169,Pleo,$5B,$428M,Coatue,Denmark,https://www.pleoworld.com/pleo_rb/eng/index.php
170,Checkr,$5B,$679M,Durable Capital Partners,United States,
171,Dataiku,$4B,$847M,Wellington Management,United States,https://dataiku.com
172,Color,$5B,$482M,"Kindred Ventures, T. Rowe Price",United States,
173,Anduril Industries,$8B,$2B,Valor Equity Partners,United States,
174,Lendable,$5B,$286M,Ontario Teachers' Pension Plan,United Kingdom,
175,Vinted,$5B,$562M,EQT,Lithuania,https://www.vinted.com
176,Socure,$5B,$644M,"Accel, T. Rowe Price",United States,
177,Sierra Space,$5B,$1B,"Coatue, General Atlantic",United States,https://sierraspace.com/
178,VIPKID,$5B,$1B,Tencent,China,https://t.vipkid.com.cn/
179,Monzo,$5B,$1B,Abu Dhabi Growth Fund,United Kingdom,
180,Ruipeng Pet Healthcare,$4B,$37M,Nestlé Health Science,China,
181,WeRide,$5B,$1B,China Development Bank Capital,China,https://www.weride.ai/
182,Outreach,$4B,$489M,"PremjiInvest, Steadfast Capital Management",United States,
183,Sorare,$4B,$739M,SoftBank,France,https://sorare.com/
184,Lenskart,$5B,$1B,Abu Dhabi Investment Authority,India,https://www.lenskart.com/
185,Arctic Wolf,$4B,$498M,Owl Rock Capital,United States,
186,Cerebras Systems,$4B,$715M,Alpha Wave Ventures,United States,
187,Kakao Mobility,$4B,$1B,GS Retail,South Korea,
188,G-P/Globalization Partners,$4B,$350M,Vista Credit Partners,United States,
189,ThoughtSpot,$4B,$664M,March Capital,United States,http://thoughtspot.com
190,dbt Labs,$4B,$414M,Altimeter Capital,United States,
191,Chainalysis,$9B,$537M,GIC,United States,https://www.chainalysis.com/
192,Relativity Space,$4B,$1B,Fidelity Management and Research Company,United States,https://relativityspace.com
193,Biocon Biologics,$6B,$632M,Serum Life Sciences,India,
194,SSENSE,$4B,$ 0.00,Sequoia Capital China,Canada,https://www.ssense.com
195,Bitpanda,$4B,$546M,Valar Ventures,Austria,https://www.bitpanda.com/
196,Dataminr,$4B,$1B,Fidelity,United States,http://dataminr.com
197,Weee!,$4B,$863M,SoftBank Vision Fund,United States,
198,Wealthsimple,$4B,$900M,"Greylock, Meritech Capital Partners",Canada,http://wealthsimple.ca
199,Horizon Robotics,$4B,$2B,Chery Automobile,China,
200,Kraken,$4B,$120M,"2B Global Capital, Venture Garage",United States,
201,Turing.com,$4B,$136M,AltaIR Capital,United States,
202,AngelList Talent,$4B,$170M,"Accomplice, Tiger Global Management",United States,
203,Branch,$4B,$667M,New Enterprise Associates,United States,
204,Yuga Labs,$4B,$450M,a16z crypto,United States,
205,Houzz,$4B,$614M,ICONIQ Capital,United States,https://www.houzz.com/
206,Vuori,$4B,$445M,SoftBank Vision Fund,United States,
207,Next Insurance,$4B,$881M,"Battery Ventures, FinTLV Ventures",United States,
208,BrowserStack,$4B,$250M,Bond,Ireland,https://browserstack.com
209,PointClickCare,$5B,$230M,Hellman & Friedman,Canada,
210,Webflow,$4B,$335M,Y Combinator Continuity Fund,United States,https://webflow.com
211,Clubhouse,$4B,$110M,Andreessen Horowitz,United States,
212,ClickUp,$4B,$535M,"Andreessen Horowitz, Tiger Global Management",United States,
213,Patreon,$4B,$413M,Tiger Global Management,United States,https://www.patreon.com/
214,Olive,$4B,$856M,Vista Equity Partners,United States,
215,MEGVII,$4B,$1B,Bank of China Group Investment,China,https://www.megvii.com/
216,Aurora Solar,$4B,$523M,"Coatue, Energize Ventures",United States,
217,Melio,$4B,$504M,"General Catalyst, Thrive Capital",United States,
218,Rubrik,$4B,$553M,Microsoft,United States,https://www.rubrik.com
219,Zapier,$4B,$1M,,United States,https://zapier.com
220,Jubao Internet Technology,$4B,$200M,RRJ Capital,China,
221,InsightSoftware,$4B,$799M,Hg,United States,
222,MoonPay,$3B,$648M,"Coatue, Tiger Global Management",United States,
223,Hozon,$4B,$2B,"CRRC, Shenzhen Capital Group",China,
224,Dutchie,$4B,$603M,D1 Capital Partners,United States,
225,Medlinker,$4B,$761M,Sino Biopharmaceutical,China,
226,Farmers Business Network,$4B,$918M,Fidelity Management and Research Company,United States,https://www.fbn.com
227,Yunwang Wandian,$4B,$912M,Shenzhen Capital Group,China,
228,StockX,$4B,$495M,Altimeter Capital,United States,
229,Qontigo,$4B,$720M,General Atlantic,Germany,
230,Guild Education,$4B,$643M,Wellington Management,United States,https://www.guildeducation.com
231,Articulate,$4B,$2B,General Atlantic,United States,
232,FalconX,$8B,$474M,"B Capital Group, GIC",United States,
233,Yandex.Taxi,$4B,$325M,"Uber, Yandex",The Netherlands,https://taxi.yandex.com/
234,VAST Data,$4B,$263M,Tiger Global Management,United States,
235,Papaya Global,$4B,$440M,"Insight Partners, Tiger Global Management",United States,
236,ShareChat,$5B,$2B,Times Internet,India,
237,Intarcia Therapeutics,$4B,$1B,GGV Capital,United States,http://intarcia.com/
238,Noom,$4B,$659M,Silver Lake,United States,https://www.noom.com
239,Redwood Materials,$4B,$792M,Ford Motor,United States,https://www.redwoodmaterials.com
240,Goat Group,$4B,$493M,Park West Asset Management,United States,
241,Course Hero,$4B,$477M,Wellington Management,United States,https://www.coursehero.com/
242,Relativity,$4B,$125M,Silver Lake,United States,
243,Applied Intuition,$4B,$352M,"Addition, Coatue",United States,
244,WHOOP,$4B,$404M,SoftBank Vision Fund,United States,
245,Ottobock,$4B,$ 0.00,EQT,Germany,http://ottobock.com
246,Handshake,$4B,$434M,"Coatue, Valiant Peregrine Fund",United States,
247,Rec Room,$4B,$294M,Coatue,United States,
248,Flock Safety,$4B,$381M,Tiger Global Management,United States,http://flocksafety.com
249,Coalition,$5B,$755M,"Allianz X, Kinetic Partners",United States,
250,Indigo,$4B,$1B,"Alaska Permanent Fund, Flagship Pioneering",United States,
251,Commure,$4B,$542M,"Greenoaks, Human Capital",United States,
252,Chargebee,$4B,$468M,"Sequoia Capital India, Tiger Global Management",United States,
253,Tekion,$4B,$435M,"Alkeon Capital, Durable Capital Partners",United States,
254,Highspot,$4B,$643M,"B Capital Group, D1 Capital Partners",United States,
255,Mirakl,$4B,$948M,Silver Lake,France,http://mirakl.com
256,Digit Insurance,$4B,$586M,Sequoia Capital India,India,
257,Unacademy,$3B,$789M,Temasek Holdings,India,
258,GoStudent,$3B,$685M,Prosus,Austria,
259,Armis Security,$3B,$537M,One Equity Partners,United States,
260,Eruditus Executive Education,$3B,$591M,"Accel, SoftBank Vision Fund",India,
261,Hive Box,$3B,$1B,"Asia Forge (Cayman), Trustbridge Partners",China,
262,Starburst,$3B,$414M,Alkeon Capital,United States,
263,Youxia Motors,$3B,$1B,Gezhi Asset Management,China,http://www.youxiamotors.com/english.php
264,OwnBackup,$3B,$507M,"Alkeon Capital, B Capital Group",United States,
265,Komodo Health,$3B,$514M,Coatue,United States,
266,Via,$4B,$887M,83North,United States,
267,Market Kurly,$2B,$767M,Anchor Equity Partners,South Korea,
268,Uber Freight,$3B,$1B,Greenbriar Equity Group,United States,
269,Carbon Health,$3B,$623M,CVS Health Ventures,United States,https://carbonhealth.com/
270,Sinovac Life Sciences,$3B,$500M,Sino Biopharmaceutical,China,
271,Sila Nanotechnologies,$3B,$880M,Coatue,United States,https://www.silanano.com
272,MicroPort Medbot,$3B,$512M,Hillhouse Capital Group,China,
273,Du Xiaoman Financial,$3B,$2B,TPG,China,
274,Blockdaemon,$3B,$431M,"Sapphire Ventures, Tiger Global Management",United States,
275,Qi An Xin,$3B,$522M,"IDG Capital, Xicheng Jinrui",China,
276,Wanda E-Commerce,$3B,$975M,WANDA Group,China,
277,CARS24,$3B,$1B,Alpha Wave Global,India,https://www.cars24.com/
278,Figure,$3B,$447M,"10T Holdings, Morgan Creek Digital",United States,
279,Skims,$3B,$399M,Lone Pine Capital,United States,https://skims.com
280,Blockstream,$3B,$299M,Kingsway Capital,Canada,https://blockstream.com/
281,Innovaccer,$3B,$379M,Mubadala Capital Ventures,United States,http://www.innovaccer.com/
282,Thumbtack,$3B,$698M,Qatar Investment Authority,United States,
283,Cedar,$3B,$394M,Memorial Hermann Foundation,United States,
284,ApplyBoard,$3B,$491M,Ontario Teachers' Pension Plan,Canada,https://applyboard.com
285,Ironclad,$3B,$334M,Franklin Templeton Investments,United States,
286,SpotOn,$4B,$918M,Dragoneer Investment Group,United States,
287,PsiQuantum,$3B,$665M,BlackRock,United States,
288,Lazada Group,$11B,$3B,Alibaba Group,Singapore,https://www.lazada.com
289,HighRadius,$3B,$475M,"D1 Capital Partners, Tiger Global Management",United States,
290,Nuvemshop,$3B,$628M,"Insight Partners, Tiger Global Management",Brazil,
291,Udaan,$3B,$1B,EvolutionX,India,
292,Mixuebingcheng,$3B,$309M,"Hillhouse Capital Group, Longzhu Capital",China,
293,Amber Group,$3B,$628M,Fenbushi Capital,Hong Kong,
294,Grafana Labs,$3B,$535M,GIC,United States,
295,Flutterwave,$3B,$474M,B Capital Group,United States,https://flutterwave.com/
296,Worldcoin,$3B,$125M,,Germany,
297,Tinder,$3B,$ 0.00,Benchmark,United States,
298,Cross River,$3B,$775M,"Andreessen Horowitz, Eldridge",United States,
299,MessageBird,$3B,$1B,Spark Capital,The Netherlands,
300,Anchorage Digital,$3B,$487M,Kohlberg Kravis Roberts,United States,https://www.anchorage.com/
301,LaunchDarkly,$3B,$330M,Lead Edge Capital,United States,
302,Automattic,$3B,$859M,"Alta Park Capital, BlackRock",United States,https://automattic.com
303,Contentful,$3B,$333M,Tiger Global Management,Germany,https://contentful.com
304,Calendly,$3B,$351M,OpenView,United States,https://www.calendly.com
305,Podium,$3B,$419M,Y Combinator Continuity Fund,United States,
306,wefox,$5B,$1B,Mubadala,Germany,
307,Circle,$8B,$1B,Alameda Research,United States,
308,Lucid Software,$3B,$170M,ICONIQ Capital,United States,
309,Trax,$2B,$1B,"BlackRock, SoftBank Vision Fund",Singapore,
310,Helion Energy,$3B,$573M,Sam Altman,United States,https://www.helionenergy.com
311,Wildlife Studios,$3B,$260M,Vulcan Capital,Brazil,
312,Inxeption,$3B,$187M,Schonfeld Strategic Advisors,United States,
313,FlixBus,$3B,$1B,Canyon Partners,Germany,
314,Paytm Mall,$3B,$795M,eBay,India,
315,Sky Mavis,$3B,$311M,Binance,Vietnam,
316,Age of Learning,$3B,$500M,TPG,United States,
317,Grab Financial Group,$3B,$5B,Hanwha Asset Management,Singapore,
318,ofo,$3B,$2B,Alibaba Group,China,
319,TradingView,$3B,$339M,Tiger Global Management,United Kingdom,
320,KK Group,$3B,$612M,JD.com,China,
321,Seismic,$3B,$447M,Permira,United States,
322,Groww,$3B,$393M,ICONIQ Growth,India,
323,ActiveCampaign,$3B,$360M,Tiger Global Management,United States,https://activecampaign.com/
324,Didi Freight,$3B,$2B,"CPE, IDG Capital",China,
325,VANCL,$3B,$522M,Jun Lei,China,
326,Forter,$3B,$525M,Tiger Global Management,United States,http://www.forter.com
327,Miaopai,$3B,$775M,"SINA Corporation, Weibo",China,http://miaopai.com
328,Outschool,$3B,$240M,"Bond, Tiger Global Management",United States,https://outschool.com/
329,Singulato Motors,$3B,$1B,ITOCHU Corporation,China,
330,Alibaba Music,$3B,$ 0.00,,China,https://www.xiami.com
331,Lattice,$3B,$329M,"Dragoneer Investment Group, Elad Gil",United States,
332,CMR Surgical,$3B,$975M,"Ally Bridge Group, SoftBank Vision Fund",United Kingdom,https://cmrsurgical.com
333,Yipin Fresh,$3B,$659M,"Capital Today, Tencent",China,
334,Souche,$3B,$1B,"5Y Capital, Primavera Capital Group",China,
335,LY.com,$3B,$2B,Overseas Chinese Town Holdings,China,
336,DuerOS,$3B,$295M,,China,
337,Workrise,$3B,$722M,Baillie Gifford,United States,
338,Loft,$3B,$788M,"Baillie Gifford, D1 Capital Partners",Brazil,
339,China UnionPay Merchant Services,$3B,$319M,Everbright-IDG Industrial Fund,China,
340,DriveWealth,$3B,$551M,"Accel, Insight Partners",United States,
341,Flink Food,$3B,$1B,DoorDash,Germany,
342,Transmit Security,$3B,$583M,"General Atlantic, Insight Partners",United States,https://www.transmitsecurity.com
343,BharatPe,$3B,$600M,Tiger Global Management,India,
344,OakNorth Credit Intelligence,$3B,$1B,SoftBank Vision Fund,United Kingdom,
345,Contentsquare,$6B,$1B,Sixth Street Partners,France,
346,Graphcore,$3B,$682M,Ontario Teachers' Pension Plan,United Kingdom,https://www.graphcore.ai/
347,Traveloka,$3B,$1B,PTT Oil and Retail Business Public Company,Indonesia,https://traveloka.com
348,Convoy,$4B,$826M,"Baillie Gifford, T. Rowe Price",United States,
349,Illumio,$3B,$558M,Thoma Bravo,United States,https://www.illumio.com
350,MasterClass,$3B,$461M,Fidelity Management and Research Company,United States,https://masterclass.com
351,Zipline,$4B,$813M,"Baillie Gifford, Katalyst Ventures",United States,
352,Dream Games,$3B,$468M,Index Ventures,Turkey,
353,o9 Solutions,$3B,$417M,Kohlberg Kravis Roberts,United States,
354,Ethos,$3B,$414M,SoftBank Vision Fund,United States,
355,Nextiva,$3B,$200M,Goldman Sachs Asset Management,United States,https://nextiva.com/index.html
356,Karrot Market,$3B,$235M,DST Global,South Korea,
357,Sourcegraph,$3B,$248M,Andreessen Horowitz,United States,https://about.sourcegraph.com
358,Airtel Mobile Commerce BV,$3B,$300M,Mastercard,The Netherlands,
359,JumpCloud,$3B,$407M,Sapphire Ventures,United States,https://jumpcloud.com/
360,project44,$3B,$898M,"A.P. Moller Holding, Generation Investment Management",United States,
361,Axonius,$3B,$395M,Accel,United States,
362,Clari,$3B,$496M,Blackstone Group,United States,
363,Plume Design,$3B,$697M,SoftBank Vision Fund,United States,
364,Pendo,$3B,$357M,B Capital Group,United States,
365,Suning Sports,$3B,$600M,"Alibaba Group, Goldman Sachs",China,
366,ManoMano,$3B,$706M,Dragoneer Investment Group,France,
367,Oura,$3B,$148M,"Elysian Park Ventures, TCG",Finland,
368,Side,$3B,$264M,Tiger Global Management,United States,
369,Jusda,$3B,$356M,"China Life, CICC",China,
370,eToro,$4B,$473M,China Minsheng Financial Holdings,Israel,https://www.etoro.com
371,Somatus,$3B,$465M,Wellington Management,United States,
372,SiFive,$3B,$366M,Coatue,United States,https://www.sifive.com
373,Games24x7,$3B,$75M,Malabar Investment Advisors,India,
374,Uniphore,$3B,$607M,New Enterprise Associates,United States,http://uniphore.com
375,Infra.Market,$4B,$324M,Mars Growth Capital,India,
376,Cohesity,$4B,$660M,"DFJ Growth, Foundation Capital",United States,https://www.cohesity.com/
377,Aura,$3B,$501M,Madrone Capital Partners,United States,
378,Sysdig,$3B,$730M,Permira,United States,
379,Fetch,$3B,$582M,Hamilton Lane,United States,
380,A24,$3B,$225M,"Neuberger Berman Group, Stripes",United States,
381,Varo Money,$3B,$987M,Lone Pine Capital,United States,
382,Acronis,$4B,$658M,BlackRock,Switzerland,https://www.acronis.com
383,Syniverse,$3B,$753M,Twilio,United States,https://www.syniverse.com/
384,Cambricon Technologies,$3B,$200M,SDIC Venture Capital,China,
385,VistaJet,$3B,$150M,Rhone Capital,United States,https://www.vistajet.com
386,BYTON,$3B,$1B,Marubeni,China,
387,Cato Networks,$3B,$532M,Swisscom Ventures,Israel,https://www.catonetworks.com/
388,Zetwerk,$3B,$543M,Greenoaks,India,
389,Vercel,$3B,$313M,GGV Capital,United States,
390,Ualá,$2B,$544M,"SOFTBANK Latin America Ventures, Tencent",Argentina,https://www.uala.com.ar/
391,DMALL,$2B,$528M,Industrial Bank,China,
392,Star Charge,$2B,$125M,Hillhouse Capital Group,China,
393,Carbon,$2B,$682M,"Baillie Gifford, Madrone Capital Partners",United States,
394,HoneyBook,$2B,$498M,Tiger Global Management,United States,
395,Paxos,$2B,$543M,MercadoLibre,United States,
396,BitSight,$2B,$401M,Moody's Investors Service,United States,https://www.bitsight.com
397,ABL Space Systems,$2B,$419M,T. Rowe Price,United States,https://ablspacesystems.com
398,Exabeam,$2B,$390M,Owl Rock Capital,United States,
399,BrewDog,$2B,$248M,TSG Consumer Partners,United Kingdom,https://www.brewdog.com
400,Yitu Technology,$2B,$401M,Yichang Boyue Investment Management,China,
401,Odoo,$3B,$349M,Summit Partners,Belgium,https://www.odoo.com/
402,Jobandtalent,$2B,$890M,"Kinnevik, SoftBank Vision Fund",Spain,https://www.jobandtalent.com
403,PayFit,$2B,$496M,General Atlantic,France,
404,Bowery Farming,$2B,$476M,Fidelity Management and Research Company,United States,https://boweryfarming.com
405,BGL Group,$2B,$696M,Canada Pension Plan Investment Board,United Kingdom,https://www.bglgroup.co.uk/
406,Latitude Financial Services,$2B,$ 0.00,,Australia,https://latitudefinancial.com.au
407,Uptake Technologies,$2B,$218M,Baillie Gifford,United States,
408,Mobile Premier League,$2B,$376M,Legatum,India,
409,Skydance Media,$4B,$675M,Kohlberg Kravis Roberts,United States,https://skydance.com/
410,Biren Technology,$2B,$293M,"C Ventures, Country Garden",China,https://www.birentech.com/
411,HeyTea,$9B,$594M,"Coatue, Hillhouse Capital Group",China,
412,Algolia,$2B,$334M,Lone Pine Capital,United States,https://algolia.com/
413,1inch,$2B,$190M,Amber Group,United States,
414,Pattern,$2B,$277M,Knox Lane,United States,
415,Huimin,$2B,$517M,Jinan Industrial Development Group,China,
416,MUSINSA,$2B,$287M,Sequoia Capital,South Korea,
417,Animoca Brands,$6B,$786M,True Global Ventures (TGV),Hong Kong,https://www.animocabrands.com/
418,Current,$2B,$402M,Andreessen Horowitz,United States,
419,Gympass,$2B,$520M,SoftBank Vision Fund,United States,
420,Bitso,$2B,$315M,"Coatue, Tiger Global Management",Mexico,https://bitso.com
421,Reify Health,$5B,$479M,"Altimeter Capital, Coatue",United States,
422,Modern Treasury,$2B,$183M,Altimeter Capital,United States,
423,G7,$2B,$710M,"CS Capital, Trustbridge Partners",China,
424,Bloomreach,$2B,$422M,Goldman Sachs Asset Management,United States,https://www.bloomreach.com/en
425,Accelerant,$2B,$193M,Eldridge,United Kingdom,
426,Dialpad,$2B,$450M,ICONIQ Capital,United States,
427,NuCom Group,$2B,$550M,General Atlantic,Germany,
428,Planet Payment,$2B,$4M,IA Capital Group,Ireland,
429,Huaqin Communication Technology,$2B,$298M,ZJ Innopark (Zhangjiang Hi-Tech Park),China,
430,JD Industry,$2B,$530M,Mubadala,China,
431,CloudWalk,$2B,$345M,Coatue,Brazil,
432,Addepar,$2B,$491M,D1 Capital Partners,United States,https://addepar.com/
433,2TM,$2B,$250M,MercadoLibre,Brazil,https://www.2tm.com.au
434,Docker,$2B,$436M,Bain Capital Ventures,United States,
435,Jeeves,$2B,$268M,Tencent,United States,
436,Forto,$2B,$593M,Disruptive,Germany,
437,Moveworks,$2B,$305M,"Alkeon Capital, Tiger Global Management",United States,http://moveworks.com/
438,Recharge,$2B,$277M,Summit Partners,United States,
439,Medable,$2B,$507M,"Blackstone Accelerates Growth, GSR Ventures",United States,
440,Aledade,$3B,$418M,OMERS Growth Equity,United States,
441,GoCardless,$2B,$529M,Permira,United Kingdom,https://gocardless.com/
442,Urban Company,$2B,$371M,"Dragoneer Investment Group, Prosus Ventures",India,
443,Eightfold AI,$2B,$397M,SoftBank Vision Fund,United States,
444,Taobao Movie,$2B,$260M,"Ant Group, CDH Investments",China,
445,Voodoo,$2B,$517M,Groupe Bruxelles Lambert,France,
446,Kry,$2B,$728M,"CPP Investments, Fidelity Management and Research Company",Sweden,
447,Polygon,$2B,$451M,Sequoia Capital India,India,
448,Pipe,$2B,$316M,Greenspring Associates,United States,
449,Mural,$2B,$192M,"Insight Partners, Tiger Global Management",United States,
450,Lunar,$2B,$486M,Heartland,Denmark,
451,Improbable,$3B,$704M,"Elrond, Metaverse",United Kingdom,
452,CertiK,$2B,$300M,"SoftBank Vision Fund, Tiger Global Management",United States,
453,Pantheon,$2B,$200M,SoftBank Vision Fund,United States,
454,Hive,$2B,$121M,Glynn Capital Management,United States,
455,Redis,$2B,$356M,Tiger Global Management,United States,
456,Iterable,$2B,$342M,Viking Global Investors,United States,
457,Sword Health,$2B,$296M,Sapphire Ventures,United States,https://swordhealth.com/
458,Everlaw,$2B,$299M,TPG Growth,United States,
459,Motive,$3B,$567M,"Insight Partners, Kleiner Perkins",United States,
460,Unqork,$2B,$365M,BlackRock,United States,https://unqork.com
461,Druva,$2B,$475M,Caisse de Depot et Placement du Quebec,United States,https://www.druva.com
462,Aviatrix,$2B,$341M,TCV,United States,
463,Clip,$2B,$381M,"SOFTBANK Latin America Ventures, Viking Global Investors",Mexico,
464,Kajabi,$2B,$550M,Tiger Global Management,United States,https://kajabi.com
465,Cloudinary,$2B,$ 0.00,,United States,https://cloudinary.com/
466,Verbit,$2B,$432M,Third Point Ventures,United States,http://verbit.ru/
467,SmartNews,$2B,$410M,"Asian Capital Alliance, Japan Post Capital",Japan,
468,Netlify,$2B,$212M,Bessemer Venture Partners,United States,https://www.netlify.com
469,Spring Health,$3B,$367M,Kinnevik,United States,
470,OPay,$2B,$570M,SoftBank Vision Fund,Nigeria,
471,Perfios Software Solutions,$2B,$126M,"Bessemer Venture Partners, Warburg Pincus",India,
472,Misfits Market,$2B,$527M,SoftBank Vision Fund,United States,
473,Claroty,$2B,$640M,"Bessemer Venture Partners, Rockwell Automation",United States,
474,Apeel Sciences,$2B,$640M,Temasek Holdings,United States,https://apeelsciences.com/
475,Formlabs,$2B,$251M,SoftBank Vision Fund,United States,https://formlabs.com
476,LTK,$2B,$315M,SoftBank Vision Fund,United States,
477,BlaBlaCar,$2B,$464M,IFC,France,https://www.blablacar.com/
478,Aiven,$3B,$420M,Eurazeo,Finland,
479,Pivot Bio,$2B,$617M,"DCVC, Temasek Holdings",United States,
480,Viva Wallet,$2B,$190M,JP Morgan,Greece,https://www.viva.gr
481,Loggi,$2B,$507M,CapSur Capital,Brazil,
482,Black Sesame Technologies,$2B,$115M,Dongfeng Asset Management,United States,
483,Advance Intelligence Group,$2B,$536M,"SoftBank Vision Fund, Warburg Pincus",Singapore,
484,Mynt,$2B,$475M,"Bow Wave Capital Management, Insight Partners",Philippines,
485,XINGYUN GROUP,$2B,$950M,"Crescent Group (Crescent Point), Harvest Global Investments",China,
486,Mafengwo,$2B,$503M,Guizhou Innovation Empowerment Big Data Investment Fund,China,
487,Magic Leap,$2B,$3B,NTT DoCoMo,United States,https://www.magicleap.com
488,OCSiAl Group,$2B,$285M,Da Vinci Capital,Luxembourg,
489,XtalPi,$2B,$786M,"HOPU Investment, OrbiMed",United States,
490,Aleph Holding,$2B,$470M,Snap,United States,
491,StarkWare Industries,$500M,$270M,Alameda Research,Israel,https://starkware.co
492,ManyPets,$2B,$483M,EQT,United Kingdom,
493,Dremio,$2B,$410M,Adams Street Partners,United States,
494,4Paradigm,$2B,$1B,"Boyu Capital, HOPU Investment Management Company",China,
495,InMobi,$2B,$221M,Lightbox,India,https://www.inmobi.com/
496,FirstCry,$2B,$441M,PremjiInvest,India,https://www.firstcry.com
497,ClickHouse,$2B,$300M,Thrive Capital,United States,https://clickhouse.com/
498,AppsFlyer,$2B,$293M,Salesforce Ventures,United States,https://www.appsflyer.com
499,Saks.com,$2B,$500M,Insight Partners,United States,https://saksfifthavenue.com
500,Xinchao Media,$2B,$768M,JD.com,China,
501,Calm,$2B,$218M,Lightspeed Venture Partners,United States,
502,Momo,$2B,$434M,Mizuho Bank,Vietnam,
503,Neo4j,$2B,$581M,"Alanda Capital Management, Inovia Capital",United States,https://neo4j.com
504,Divvy Homes,$2B,$370M,"Caffeinated Capital, Tiger Global Management",United States,
505,Guoquan Shihui,$2B,$523M,"CMB International Capital Corporation, Tiantu Capital",China,
506,To8to,$2B,$216M,Sequoia Capital China,China,
507,Chipper Cash,$1B,$337M,Alameda Research,United States,
508,Exotec,$2T,$447M,Goldman Sachs Asset Management,France,
509,Tradeshift,$2B,$861M,WestRiver Group,United States,https://tradeshift.com
510,Keep,$2B,$614M,SoftBank Vision Fund,China,
511,Virta Health,$2B,$373M,Tiger Global Management,United States,
512,Naixuecha,$2B,$216M,PAG,China,
513,Farfetch China,$2B,$500M,"Alibaba Group, Richemont",China,
514,Firstp2p,$2B,$111M,CCB International,China,
515,ISN Software,$2B,$ 0.00,Blackstone Group,United States,
516,Trendy International Group,$2B,$200M,L Catterton Asia,China,
517,ICON,$2B,$451M,Tiger Global Management,United States,
518,Preferred Networks,$2B,$147M,Toyota Motor,Japan,
519,Clearco,$2B,$433M,SoftBank Vision Fund,Canada,
520,TIER Mobility,$2B,$587M,SoftBank Vision Fund,Germany,
521,Starling Bank,$3B,$956M,Goldman Sachs,United Kingdom,https://www.starlingbank.com/
522,Ankorstore,$2B,$422M,"Bond, Tiger Global Management",France,
523,Avant,$2B,$654M,Ares Management,United States,
524,Zilch,$2B,$389M,"Gauss Ventures, Ventura Capital",United Kingdom,
525,ROKT,$2B,$487M,Tiger Global Management,United States,
526,YinLong Group,$2B,$432M,,China,
527,commercetools,$2B,$308M,Accel,Germany,https://commercetools.com
528,Roofstock,$2B,$365M,SoftBank Vision Fund,United States,https://www.roofstock.com
529,ConcertAI,$2B,$300M,Sixth Street Partners,United States,
530,CoinSwitch,$2B,$301M,"Andreessen Horowitz, Coinbase Ventures",India,
531,DFINITY,$2B,$167M,"Andreessen Horowitz, Polychain",Switzerland,
532,InVision,$2B,$349M,Spark Capital,United States,
533,Acorns,$2B,$507M,TPG,United States,
534,MX Technologies,$2B,$450M,TPG,United States,
535,bunq,$2B,$281M,Pollen Street Capital,The Netherlands,https://www.bunq.com
536,Zume,$2B,$423M,SoftBank Vision Fund,United States,https://zume.com
537,Volocopter,$2B,$781M,"Gly Capital Management, NEOM",Germany,https://www.volocopter.com
538,Ninja Van,$2B,$975M,Alibaba Group,Singapore,https://www.ninjavan.co
539,Solugen,$2B,$642M,"Kinnevik, Lowercarbon Capital",United States,
540,Retool,$3B,$141M,Sequoia Capital,United States,
541,Qianxun Spatial Intelligence,$2B,$141M,"China State-Owned Capital Venture Investment Fund, ICBC Investment",China,
542,Lightricks,$2B,$305M,"Hanaco Venture Capital, Insight Partners",Israel,https://lightricks.com
543,Zocdoc,$2B,$374M,Francisco Partners,United States,https://www.zocdoc.com/
544,Glance,$2B,$390M,Reliance Jio,Singapore,
545,FullStory,$2B,$197M,Permira,United States,
546,Quora,$2B,$226M,"Collaborative Fund, Y Combinator",United States,https://www.quora.com/
547,HiBob,$2B,$424M,General Atlantic,Israel,
548,Opentrons,$2B,$240M,SoftBank Vision Fund,United States,
549,QuEST Global Services,$2B,$231M,Chrys Capital,Singapore,
550,Glossier,$2B,$266M,Lone Pine Capital,United States,
551,Landa Digital Printing,$2B,$485M,Altana,Israel,
552,Meril Life,$2B,$201M,Warburg Pincus,India,
553,idealista,$2B,$518M,Apax Partners,Spain,
554,Spinny,$2B,$476M,Sachin Tendulkar,India,
555,Kaseya,$2B,$547M,TPG,Ireland,https://kaseya.com
556,Trulioo,$2B,$474M,TCV,Canada,https://www.trulioo.com/
557,NantOmics,$2B,$251M,NantHealth,United States,
558,Alan,$3B,$558M,Teachers’ Venture Growth,France,
559,Productboard,$2B,$261M,"Dragoneer Investment Group, Tiger Global Management",United States,
560,Gousto,$2B,$372M,SoftBank Vision Fund,United Kingdom,https://www.gousto.co.uk
561,CircleCI,$2B,$315M,Greenspring Associates,United States,
562,Pax8,$2B,$347M,SoftBank Vision Fund,United States,
563,H2O.ai,$2B,$251M,Commonwealth Bank of Australia,United States,https://www.h2o.ai/
564,ZenBusiness,$2B,$277M,Oak HC/FT,United States,
565,Spotter,$2B,$231M,SoftBank Vision Fund,United States,
566,Wave Mobile Money,$2B,$210M,Alameda Research,Senegal,
567,DispatchHealth,$2B,$733M,Optum Ventures,United States,
568,Harry's,$2B,$792M,"Bain Capital, Macquarie Capital",United States,https://www.harrys.com/
569,Reltio,$2B,$237M,Brighton Park Capital,United States,
570,Harness,$4B,$370M,Norwest Venture Partners,United States,
571,PAX Labs,$2B,$446M,"Tao Capital Partners, Tiger Global Management",United States,http://paxvapor.com
572,Carsome,$2B,$577M,"65 Equity Partners, Qatar Investment Authority",Malaysia,
573,Diamond Foundry,$2B,$350M,,United States,https://www.diamondfoundry.com/
574,DealShare,$2B,$378M,"Alpha Wave Global, Tiger Global Management",India,
575,Dragos,$2B,$358M,"BlackRock, Koch Disruptive Technologies",United States,
576,Vestiaire Collective,$2B,$643M,"Generation Investment Management, SoftBank Vision Fund",France,
577,Enflame,$2B,$472M,"CICC Alpha, CPE",China,
578,Solarisbank,$2B,$445M,Decisive Capital Management,Germany,https://solarisgroup.com/
579,Optimism,$2B,$179M,"Andreessen Horowitz, Paradigm",United States,
580,SafetyCulture,$2B,$222M,Insight Partners,Australia,
581,Mercury,$2B,$152M,Coatue,United States,
582,Transcarent,$2B,$298M,"Human Capital, Kinnevik",United States,
583,Zhubajie,$2B,$445M,"Chongqing New North Zone Government Investment Fund, Cybernaut Venture Capital",China,
584,Capitolis,$2B,$282M,"9Yards Capital, Canapi Ventures",United States,
585,Nord Security,$2B,$100M,Novator,Lithuania,
586,Wayflyer,$2B,$236M,"DST Global, QED Investors",Ireland,
587,Verkada,$3B,$344M,Linse Capital,United States,https://www.verkada.com/
588,Truepill,$2B,$255M,Oak HC/FT,United States,
589,Extend,$2B,$320M,SoftBank Vision Fund,United States,
590,ezCater,$2B,$421M,SoftBank Vision Fund,United States,
591,HomeLight,$2B,$279M,Zeev Ventures,United States,https://www.homelight.com/
592,Unite Us,$2B,$195M,ICONIQ Capital,United States,
593,Cresta,$2B,$151M,Tiger Global Management,United States,
594,Afiniti,$2B,$120M,,Bermuda,https://afiniti.com
595,Infinidat,$2B,$325M,"Goldman Sachs, TPG Growth",Israel,https://www.infinidat.com/
596,Bianlifeng,$2B,$656M,"Hillhouse Capital Group, Tencent",China,
597,Huitongda,$2B,$996M,SDIC Venture Capital,China,
598,ASAPP,$2B,$380M,"Dragoneer Investment Group, Fidelity Management and Research Company",United States,
599,Clio,$2B,$386M,"OMERS Growth Equity, T. Rowe Price",Canada,
600,AIWAYS,$2B,$792M,Fujian Dongbai (Group),China,https://www.ai-ways.eu/
601,Palmetto Clean Technology,$1B,$565M,TPG Rise Climate Fund,United States,
602,Caocao Chuxing,$2B,$744M,Suzhou Xiangcheng Financial Holding Group,China,
603,SmartHR,$2B,$190M,Light Street Capital,Japan,
604,NMI,$2B,$ 0.00,Great Hill Partners,United States,
605,Eswin,$5B,$2B,China National Building Material,China,
606,Wenheyou,$2B,$91M,IDG Capital,China,
607,Wellong Etown,$2B,$ 0.00,CCB International,China,
608,Loom,$2B,$204M,Andreessen Horowitz,United States,
609,ElasticRun,$2B,$435M,"Goldman Sachs, SoftBank Vision Fund",India,
610,Andela,$2B,$381M,SoftBank Vision Fund,United States,https://andela.com/
611,Airbyte,$2B,$181M,"Altimeter Capital, Coatue",United States,
612,Zeta,$2B,$340M,Mastercard,United States,
613,CoinList,$2B,$119M,"Accomplice, Agman Partners",United States,
614,Ledger,$1B,$575M,10T Holdings,France,
615,Pacaso,$2B,$217M,SoftBank Vision Fund,United States,https://www.pacaso.com/
616,Veho,$2B,$299M,"SoftBank Vision Fund, Tiger Global Management",United States,http://www.veho-world.com
617,ID.me,$2B,$274M,Viking Global Investors,United States,
618,PAPER,$1B,$390M,"Sapphire Ventures, SoftBank Vision Fund",Canada,
619,Whatnot,$4B,$485M,"CapitalG, DST Global",United States,
620,Veriff,$2B,$177M,"Alkeon Capital, Tiger Global Management",Estonia,https://veriff.com/
621,Matillion,$2B,$290M,Databricks Ventures,United Kingdom,
622,Boba Network,$2B,$45M,Valour,United States,
623,Olist,$2B,$320M,Wellington Management,Brazil,
624,Perfect Day,$2B,$712M,"Canada Pension Plan Investment Board, Temasek Holdings",United States,
625,Moloco,$2B,$192M,Tiger Global Management,United States,
626,Temporal Technologies,$2B,$204M,Greenoaks,United States,
627,Cognite,$2B,$225M,TCV,Norway,https://www.cognite.com/
628,Collective Health,$2B,$719M,Health Care Service Corporation,United States,
629,MindMaze,$2B,$340M,Concord Health Partners,Switzerland,
630,Lusha,$2B,$245M,Providence Strategic Growth (PSG),United States,
631,Zenoti,$2B,$331M,TPG,United States,
632,Built Technologies,$2B,$313M,Citi,United States,
633,Paradox,$2B,$253M,"Sapphire Ventures, Stripes",United States,
634,SmartRecruiters,$2B,$225M,Silver Lake Waterman,United States,
635,Apollo,$2B,$183M,Insight Partners,United States,
636,Akulaku,$2B,$638M,Mitsubishi UFJ Financial Group,Indonesia,https://www.akulaku.com
637,HeartFlow,$2B,$783M,Bain Capital Life Sciences,United States,
638,NextSilicon,$2B,$203M,Third Point Ventures,Israel,
639,Splitgate,$2B,$117M,Lightspeed Venture Partners,United States,https://www.splitgate.com/
640,HAI ROBOTICS,$2B,$315M,Capital Today,China,
641,Mu Sigma,$2B,$211M,Mastercard,India,https://www.mu-sigma.com
642,impact.com,$2B,$361M,Qatar Investment Authority,United States,
643,StoreDot,$2B,$206M,"Ola Electric, Polestar",Israel,https://store-dot.com
644,Ascend Group,$2B,$150M,Charoen Pokphand Group,Thailand,https://www.ascendcorp.com
645,Strava,$2B,$152M,"Sequoia Capital, TCV",United States,http://strava.com/
646,Tujia,$2B,$755M,"All-Stars Investment, Trip.com",China,
647,Oddity,$2B,$130M,"Fidelity Management and Research Company, First Light Capital",United States,
648,NotCo,$2B,$433M,Princeville Capital,Chile,http://www.notco.com/
649,Cribl,$3B,$402M,Tiger Global Management,United States,
650,Gett,$2B,$828M,Pelham Capital,United Kingdom,https://gett.com
651,Athelas,$2B,$150M,Tribe Capital,United States,
652,Snapdocs,$2B,$253M,Tiger Global Management,United States,
653,SellerX,$1B,$766M,"BlackRock, Sofina",Germany,
654,Persona,$2B,$218M,Founders Fund,United States,
655,Prometheus,$2B,$150K,Maersk Growth,United States,
656,Culture Amp,$2B,$257M,"Sequoia Capital China, TDM Growth Partners",Australia,
657,AppDirect,$2B,$431M,Caisse de Depot et Placement du Quebec,United States,
658,Candy Digital,$2B,$138M,"ConsenSys Mesh, Galaxy Digital",United States,
659,Devo,$2B,$481M,Eurazeo,United States,
660,Spark Education Group,$2B,$593M,Trustbridge Partners,China,
661,Uplight,$2B,$ 0.00,"AES, Huck Capital",United States,
662,InMyShow,$1B,$106M,"SAIF Partners, SINA Corporation",China,
663,Dt Dream,$1B,$267M,"Zhejiang State Enterprise Reform and Development Fund, ZSVC",China,
664,fabric,$2B,$294M,SoftBank Vision Fund,United States,
665,eSign,$1B,$186M,,China,
666,Panshi,$1B,$655M,Cybernaut Venture Capital,China,http://www.panshi.gov.cn/
667,Hello TransTech,$1B,$2B,"Alibaba Group, Ant Group",China,
668,Ouyeel,$1B,$468M,,China,
669,Saxo Bank,$1B,$201M,General Atlantic,Denmark,
670,Tuandaiwang,$1B,$351M,China Minsheng Investment Group,China,
671,IAD France,$1B,$364M,Insight Partners,France,
672,Aleo,$1B,$298M,"Kora, SoftBank Vision Fund",United States,
673,M1 Holdings,$1B,$323M,SoftBank Vision Fund,United States,
674,Trumid,$2B,$658M,Point Break Capital Management,United States,
675,Coocaa,$1B,$218M,Baidu,China,https://www.coocaa.com/
676,T3 Mobile Travel Services,$1B,$3B,CITIC Capital Holdings,China,
677,Seasun,$1B,$142M,Tencent,China,
678,Scalable Capital,$1B,$314M,Tencent,Germany,
679,Judo Bank,$1B,$838M,,Australia,https://www.judo.bank/
680,The Access Group,$12B,$1B,"Hg, TA Associates",United Kingdom,https://theaccessgroup.com
681,Bordrin Motors,$1B,$362M,,China,
682,GupShup,$1B,$484M,Tiger Global Management,United States,
683,Clarify Health Solutions,$1B,$328M,SoftBank Vision Fund,United States,
684,Rebel Foods,$1B,$514M,Mando Corporation,India,https://rebelfoods.co/
685,Figment,$1B,$164M,Thoma Bravo,United States,
686,Yotpo,$1B,$436M,Shopify,United States,
687,Panther,$1B,$141M,Coatue,United States,
688,VideoAmp,$1B,$382M,The Spruce House Partnership,United States,
689,Salt Security,$1B,$271M,CrowdStrike Falcon Fund,United States,
690,Envoy,$1B,$170M,Brookfield Growth,United States,
691,Deliverect,$1B,$237M,"Alkeon Capital, Coatue",Belgium,
692,Dexterity,$1B,$196M,"Kleiner Perkins, Lightspeed Venture Partners",United States,
693,Astranis,$1B,$503M,Andreessen Horowitz,United States,https://www.astranis.com
694,Phenom,$1B,$161M,B Capital Group,United States,
695,Away,$1B,$181M,Wellington Management,United States,
696,Cabify,$1B,$472M,Mutua Madrileña,Spain,https://cabify.com/en
697,Tripledot Studios,$1B,$252M,The Twenty Minute VC,United Kingdom,
698,Pristyn Care,$1B,$177M,Sequoia Capital,India,https://www.pristyncare.com/
699,Coda,$1B,$240M,Ontario Teachers' Pension Plan,United States,
700,Beta Technologies,$2B,$886M,"Fidelity Management and Research Company, TPG Rise Climate Fund",United States,
701,Epidemic Sound,$1B,$509M,"Blackstone Group, EQT",Sweden,https://epidemicsound.com
702,Papa,$1B,$241M,SoftBank Vision Fund,United States,
703,Kong,$1B,$169M,Tiger Global Management,United States,
704,Voyager Innovations,$1B,$502M,Susquehanna International Group (SIG),Philippines,
705,Degreed,$1B,$390M,"Riverwood Capital, Sapphire Ventures",United States,https://degreed.com
706,Stash Financial,$1B,$426M,Eldridge,United States,
707,Firebolt,$1B,$264M,Alkeon Capital,Israel,
708,K Health,$1B,$271M,"GGV Capital, PICO Venture Partners",United States,
709,Hike,$1B,$261M,Jump Crypto,India,
710,Symphony Communication Services,$1B,$511M,"Mitsubishi UFJ Financial Group, Standard Chartered Bank",United States,
711,Como,$1B,$110M,JPMorgan Partners,United Kingdom,
712,SparkCognition,$1B,$286M,"AEI Horizon X, Alan Howard",United States,
713,OVO Energy,$1B,$324M,Mitsubishi Corporation,United Kingdom,https://www.ovoenergy.com/
714,Neon,$1B,$727M,Propel VC,Brazil,
715,EverlyWell,$1B,$250M,Trish Costello,United States,https://www.everlywell.com/
716,The Brandtech Group,$2B,$610M,Chrysalis Investments,United States,
717,Alloy,$2B,$208M,"Avenir Growth Capital, Lightspeed Venture Partners",United States,
718,Epirus,$1B,$287M,T. Rowe Price,United States,
719,At-Bay,$1B,$296M,ION Crossover Partners,United States,
720,koudai,$1B,$368M,Tencent,China,
721,New Leshi Smart Home,$1B,$2B,"JD.com, Sunac China Holdings",China,
722,Signifyd,$1B,$390M,Owl Rock Capital,United States,
723,GP Club,$1B,$67M,,South Korea,
724,RIDI,$1B,$185M,GIC,South Korea,
725,stc pay,$1B,$200M,Western Union,Saudi Arabia,
726,TaxBit,$1B,$253M,Haun Ventures,United States,
727,Athletic Greens,$1B,$115M,Alpha Wave Global,United States,
728,Gymshark,$1B,$245M,General Atlantic,United Kingdom,https://www.gymshark.com/
729,Island,$1B,$285M,Georgian,United States,
730,Intercom,$1B,$241M,Kleiner Perkins,United States,
731,TravelPerk,$1B,$408M,"General Catalyst, Kinnevik",Spain,https://www.travelperk.com/
732,Yugabyte,$1B,$291M,Sapphire Ventures,United States,http://yugabyte.com
733,CoinTracker,$1B,$102M,Accel,United States,
734,Linktree,$1B,$166M,"Coatue, Index Ventures",Australia,https://linktr.ee/s/about
735,Included Health (previously Grand Rounds Health and Doctor On Demand),$1B,$344M,The Carlyle Group,United States,
736,iTrustCapital Inc.,$1B,$128M,Left Lane Capital,United States,
737,Konfio,$1B,$378M,"Arcadia Investment, QED Investors",Mexico,
738,ONE Championship,$1B,$515M,"Guggenheim Investments, Qatar Investment Authority",Singapore,https://www.onefc.com
739,Domestika,$1B,$130M,Zeev Ventures,United States,
740,Hotel Engine,$1B,$81M,Telescope Partners,United States,
741,Cava Group,$1B,$738M,T. Rowe Price,United States,
742,InSightec,$1B,$633M,NHS England,Israel,http://www.insightec.com/
743,Betterment,$1B,$335M,Treasury,United States,
744,Flock Freight,$1B,$399M,SoftBank Vision Fund,United States,
745,Manner,$5B,$ 0.00,ByteDance,China,
746,Haihe Biopharma,$1B,$318M,Warburg Pincus,China,
747,Kr Space,$1B,$482M,"Gopher Asset Management, IDG Capital",China,
748,Loadsmart,$1B,$336M,SOFTBANK Latin America Ventures,United States,
749,Lukka,$1B,$201M,Marshall Wace,United States,
750,DistroKid,$1B,$ 0.00,Insight Partners,United States,https://distrokid.com/vip/seven/855638
751,BYD Semiconductor,$1B,$378M,,China,
752,AgentSync,$1B,$111M,Valor Equity Partners,United States,
753,Merama,$1B,$345M,"Advent International, SoftBank",Mexico,
754,Zhidou,$1B,$2B,Geely,China,
755,Moody,$1B,$215M,"5Y Capital, Kohlberg Kravis Roberts",China,
756,Route,$1B,$249M,Craft Ventures,United States,
757,CaptivateIQ,$1B,$165M,"Accel, ICONIQ Growth",United States,
758,Flipdish,$1B,$157M,Tencent,Ireland,
759,Mythical Games,$1B,$260M,Andreessen Horowitz,United States,
760,Incode Technologies,$1B,$257M,"General Atlantic, SoftBank",United States,
761,Tackle,$1B,$148M,"Andreessen Horowitz, Coatue",United States,
762,Triller,$1B,$333M,Proxima Media,United States,
763,Kuaikan Manhua,$1B,$594M,Tencent,China,
764,Sidewalk Infrastructure Partners,$1B,$800M,StepStone Group,United States,
765,BigID,$1B,$246M,ServiceNow,United States,
766,Pilot,$1B,$161M,"Bezos Expeditions, Whale Rock Capital Management",United States,
767,Marshmallow,$1B,$116M,"Investec, Passion Capital",United Kingdom,
768,Honor,$1B,$325M,Baillie Gifford,United States,
769,ETCP,$1B,$280M,Wanda E-Commerce,China,
770,inDrive,$1B,$237M,Insight Partners,United States,https://indrive.com/
771,Nexii,$2B,$80M,"Horizon Technology Finance, Trinity Capital",Canada,
772,MicroPort CardioFlow,$1B,$130M,,China,
773,Spiber Inc.,$1B,$520M,The Carlyle Group,Japan,
774,Insider,$1B,$167M,Qatar Investment Authority,Singapore,
775,Public.com,$1B,$309M,Maria Sharapova,United States,
776,FlashEX,$1B,$339M,"N5Capital, Shihaisong Capital",China,
777,GalaxySpace,$2B,$14M,CCB International,China,
778,TBM Japan,$1B,$181M,SK Group,Japan,
779,Inari,$2B,$461M,"Alexandria Venture Investments, Flagship Pioneering",United States,
780,CLEAN PLANET,$1B,$9M,"Miura Co.,Ltd.",Japan,
781,Workhuman,$1B,$9M,Atlas Venture,Ireland,https://www.workhuman.com
782,Helium,$1B,$365M,"Andreessen Horowitz, Tiger Global Management",United States,
783,GrubMarket,$2B,$499M,301,United States,
784,UpGrad,$2B,$662M,Ronnie Screwvala,India,
785,Viz,$1B,$292M,CIBC Innovation Banking,United States,
786,Xpressbees,$1B,$573M,"Blackstone Group, Chrys Capital",India,
787,Mensa Brands,$1B,$218M,Alpha Wave Global,India,
788,Orca Security,$2B,$632M,Temasek Holdings,United States,
789,Vectra,$1B,$353M,TCV,United States,
790,Gem,$1B,$148M,ICONIQ Growth,United States,
791,FloQast,$1B,$203M,Meritech Capital Partners,United States,https://floqast.com
792,Copado,$1B,$271M,Insight Partners,United States,
793,MindTickle,$1B,$281M,SoftBank Vision Fund,United States,
794,Choco,$1B,$336M,G Squared,Germany,
795,Alation,$2B,$315M,"Costanoa Ventures, Sanabil",United States,https://www.alation.com/
796,Ada,$1B,$191M,Spark Capital,Canada,
797,MyGlamm,$1B,$287M,"Prosus Ventures, Warburg Pincus",India,https://www.myglamm.com/
798,CarDekho,$1B,$448M,LeapFrog Investments,India,
799,Droom,$1B,$333M,57 Stars,India,http://www.droom.in
800,Berlin Brands Group,$1B,$800M,Ardian,Germany,
801,SeekOut,$1B,$189M,Tiger Global Management,United States,
802,Qumulo,$1B,$347M,BlackRock Private Equity Partners,United States,https://qumulo.com/
803,Phantom,$1B,$118M,Paradigm,United States,
804,Offchain Labs,$1B,$124M,Lightspeed Venture Partners,United States,
805,Human Longevity,$1B,$341M,Emerging Technology Partners,United States,
806,Multichain,$1B,$60M,Binance Labs,Singapore,
807,Iyuno-SDI,$1B,$184M,IMM Investment,United States,
808,SmartMore Technology,$1B,$300M,Hermitage Capital,China,
809,Qdama,$1B,$142M,Hezhi Investment,China,http://qdama.com
810,Dianrong,$1B,$549M,"Affirma Capital, Standard Chartered Private Equity",China,http://www.dianrong.com/
811,JOKR,$1B,$480M,G Squared,United States,
812,BigPanda,$1B,$337M,"UBS, Wells Fargo Strategic Capital",United States,http://bigpanda.io
813,iCarbonX,$1B,$200M,China Bridge Capital,China,http://www.icarbonx.com
814,Tealium,$1B,$264M,"Georgian, Silver Lake Waterman",United States,http://www.tealium.com
815,Livspace,$1B,$427M,Kohlberg Kravis Roberts,India,https://www.livspace.com
816,Rohlik,$1B,$613M,Sofina,Czech Republic,
817,V3 Group,$1B,$268M,Kohlberg Kravis Roberts,Singapore,
818,Proteus Digital Health,$1B,$460M,Harbin Gloria Pharmaceuticals,United States,
819,Modern Health,$1B,$167M,Founders Fund,United States,
820,IRL,$1B,$197M,SoftBank Vision Fund,United States,
821,Fenergo,$1B,$760M,"Astorg, Bridgepoint",Ireland,
822,Alisports,$1B,$174M,YF Capital,China,
823,cure.fit,$1B,$615M,Zomato,India,
824,Alphaeon,$1B,$223M,Sailing Capital,United States,http://alphaeon.com
825,E-Life Financial Services,$1B,$356M,H Capital Advance,China,
826,CloudBees,$1B,$236M,Goldman Sachs Asset Management,United States,https://www.cloudbees.com
827,Happy Money,$1B,$192M,Anthemis Group,United States,
828,Elemy,$1B,$323M,"Goodwater Capital, PremjiInvest",United States,
829,OpenWeb,$2B,$393M,Georgian,United States,https://www.openweb.com
830,Rebellion Defense,$1B,$150M,"Insight Partners, Venrock",United States,
831,Boom Supersonic,$1B,$147M,Momentum Ventures,United States,https://boomsupersonic.com
832,Guideline,$1B,$339M,General Atlantic,United States,
833,Dotc United Group,$1B,$395M,Zeus Entertainment,China,
834,Spendesk,$1B,$312M,Tiger Global Management,France,
835,Jiuxian,$1B,$250M,Sequoia Capital China,China,
836,Stord,$1B,$325M,Franklin Templeton Investments,United States,
837,SKIO Matrix,$1B,$299M,IDG Capital,China,
838,RootCloud,$1B,$195M,IDG Capital,China,
839,Hupu,$1B,$338M,ByteDance,China,
840,NewsBreak,$1B,$151M,Francisco Partners,United States,
841,L&P Cosmetic,$1B,$33M,Credit Suisse,South Korea,
842,Enpal,$2B,$523M,"Activate Capital Partners, The Westly Group",Germany,
843,Nexthink,$1B,$346M,Permira,Switzerland,
844,Staffbase,$1B,$307M,General Atlantic,Germany,
845,Chemao,$1B,$199M,ZHEFU Holding,China,
846,Inspur Cloud,$1B,$3B,"CCB International, China Minsheng Bank",China,
847,Chief,$1B,$140M,CapitalG,United States,
848,CoinDCX,$2B,$247M,"Pantera Capital, Steadview Capital",India,
849,Apna,$1B,$193M,Tiger Global Management,India,
850,CAIS,$1B,$406M,Hamilton Lane,United States,
851,IntelyCare,$1B,$171M,Janus Henderson Investors,United States,
852,G2,$1B,$258M,"Permira, Salesforce Ventures",United States,
853,Carousell,$1B,$373M,Heliconia Capital Management,Singapore,
854,People.ai,$1B,$200M,"Akkadian Ventures, Mubadala Capital Ventures",United States,
855,eSentire,$1B,$186M,"Caisse de Depot et Placement du Quebec, Georgian",Canada,
856,Beyond Identity,$1B,$205M,Evolution Equity Partners,United States,
857,Zego,$1B,$282M,"DST Global, General Catalyst",United Kingdom,
858,Acko,$1B,$458M,"General Atlantic, Multiples",India,
859,Karat,$1B,$169M,Serena Williams,United States,
860,Daily Harvest,$1B,$120M,Lone Pine Capital,United States,
861,Tango,$1B,$361M,Alibaba Group,Israel,
862,Sunbit,$1B,$210M,Group 11,United States,
863,Matrixport,$2B,$138M,"C Ventures, DST Global",Singapore,
864,SonderMind,$1B,$183M,"Drive Capital, PremjiInvest",United States,
865,Pharmapacks,$1B,$433M,The Carlyle Group,United States,
866,GlobalBees,$1B,$185M,PremjiInvest,India,
867,Tuhu,$1B,$875M,Tencent,China,
868,Yijiupi,$1B,$511M,Tencent,China,
869,The Bank of London,$1B,$130M,"14W, Mangrove Capital Partners",United Kingdom,
870,CSI Solar,$1B,$ 0.00,,Canada,
871,Fundbox,$1B,$404M,Healthcare of Ontario Pension Plan (HOOPP),United States,https://fundbox.com
872,LEAD,$1B,$166M,"GSV Ventures, Westbridge Capital",India,
873,Rightway,$1B,$130M,Khosla Ventures,United States,
874,v2 Ventures,$1B,$262M,JMI Equity,United States,
875,Rivigo,$1B,$249M,"Elevation Capital, Spring Canter Investment",India,
876,Mech-Mind,$820M,$234M,"IDG Capital, Meituan",China,
877,Nxin,$1B,$53M,"Beijing Junenghesheng Industry Investment Fund, Beijing Shuju Xinrong Investment Management",China,
878,Earnix,$1B,$98M,Insight Partners,Israel,
879,LeCloud,$1B,$153M,Chongqing Industry Investment Fund,China,
880,Veepee,$1B,$ 0.00,Qatar Holding,France,http://vente-privee.com
881,MobileCoin,$1B,$107M,"Future Ventures, General Catalyst",United States,https://www.mobilecoin.com/
882,Radius Payment Solutions,$1B,$200M,Inflexion,United Kingdom,https://www.radius.com
883,Density,$1B,$217M,Kleiner Perkins,United States,
884,Mixpanel,$1B,$277M,Bain Capital Tech Opportunities,United States,https://mixpanel.com
885,Sendbird,$1B,$221M,Steadfast Financial,United States,
886,Plenty,$1B,$941M,"JS Capital Management, One Madison Group",United States,
887,Luoji Siwei,$1B,$144M,ZhenFund,China,
888,Aijia Home Furnishing Products,$1B,$146M,Tiantu Capital,China,
889,Blackbuck,$1B,$352M,"IFC Asset Management Company, Tribe Capital",India,
890,Miaoshou Doctor,$1B,$947M,"Sequoia Capital, Tencent",China,
891,Splashtop,$1B,$114M,Sapphire Ventures,United States,https://www.splashtop.com/
892,Shift Technology,$1B,$540M,"Advent International, Guidewire Software",France,
893,NoBroker,$1B,$428M,Google,India,
894,Chinac.com,$1B,$379M,Orient Securities Capital Investment,China,
895,Morning Consult,$1B,$91M,Advance Venture Partners,United States,https://morningconsult.com
896,Leapmotor,$1B,$1B,Jinhua Zhongche Fund,China,https://www.leapmotor.com/
897,Juanpi,$1B,$136M,"China Merchants Bank, Tiantu Capital",China,
898,TTTech Auto,$1B,$286M,"Aptiv, Audi AG",Austria,
899,Gaussian Robot,$1B,$345M,Jintuo Capital,China,
900,Zihaiguo,$1B,$80M,Beijing Taikang Investment,China,
901,unico IDtech,$3B,$337M,"General Atlantic, SOFTBANK Latin America Ventures",Brazil,
902,Tongdun Technology,$1B,$252M,China Merchants Capital,China,
903,NAVER Z,$1B,$208M,Krafton,South Korea,
904,Gelato,$1B,$269M,Insight Partners,Norway,
905,Lanhu,$1B,$234M,GGV Capital,China,
906,Grover,$1B,$217M,Energy Impact Partners,Germany,
907,LayerZero Labs,$3B,$293M,Alameda Research,Canada,
908,Licious,$1B,$490M,Amansa Capital,India,https://www.licious.in/
909,Nium,$2B,$288M,Moore Strategic Ventures,Singapore,https://www.instarem.com/
910,Electric,$1B,$212M,Harmonic Growth Partners,United States,
911,Turo,$1B,$498M,"Allen & Company, Manhattan Venture Partners",United States,
912,LetsGetChecked,$1B,$283M,"Casdin Capital, Transformation Capital",United States,
913,Climeworks,$1B,$784M,"GIC, Partners Group",Switzerland,https://climeworks.com
914,Stax,$1B,$263M,Fulcrum Equity Partners,United States,
915,Oxyzo,$1B,$200M,"Alpha Wave Global, Norwest Venture Partners",India,
916,DailyPay,$1B,$189M,Carrick Capital Partners,United States,https://www.dailypay.com
917,Teya,$1B,$1B,Accel,United Kingdom,
918,Payhawk,$1B,$239M,Lightspeed Venture Partners,United Kingdom,
919,Vedantu,$1B,$292M,Orios Venture Partners,India,https://www.vedantu.com/
920,Esusu,$1B,$145M,SoftBank Vision Fund,United States,
921,Tarana Wireless,$1B,$376M,"Khosla Ventures, Prime Movers Lab",United States,
922,Savage X Fenty,$1B,$310M,Neuberger Berman Group,United States,https://savagex.com
923,Shippo,$1B,$154M,Bessemer Venture Partners,United States,https://goshippo.com
924,Omada Health,$1B,$449M,Fidelity Management and Research Company,United States,
925,BlueVoyant,$1B,$526M,Liberty Strategic Capital,United States,
926,UST,$1B,$250M,Temasek Holdings,United States,
927,Firefly Aerospace,$1B,$202M,AE Industrial Partners,United States,https://fireflyspace.com/
928,Securonix,$1B,$1B,Vista Equity Partners,United States,
929,Axiom Space,$2B,$200M,Boryung Pharmaceutical,United States,http://www.axiomspace.com
930,Veev,$1B,$585M,Bond,United States,
931,Plus,$1B,$520M,"ClearVue Partners, FountainVest Partners",United States,
932,Bolttech,$2B,$217M,Tokio Marine,Singapore,
933,Tractable,$1B,$120M,"Georgian, Insight Partners",United Kingdom,
934,FLASH,$1B,$316M,Vista Equity Partners,United States,
935,Snorkel AI,$1B,$135M,"Addition, BlackRock",United States,
936,PPRO,$1B,$370M,"Eldridge, JP Morgan Chase",United Kingdom,
937,Mamaearth,$1B,$112M,Shilpa Shetty,India,
938,Amagi Media Labs,$1B,$322M,General Atlantic,United States,
939,Aptos,$4B,$350M,Binance Labs,United States,http://www.aptos.ca/
940,TrueLayer,$1B,$271M,Tiger Global Management,United Kingdom,
941,Eat Just,$1B,$465M,C2 Capital Partners,United States,https://ju.st
942,Sift,$1B,$157M,Insight Partners,United States,
943,slice,$2B,$299M,Tiger Global Management,India,
944,Carro,$1B,$595M,ZA Tech,Singapore,
945,BostonGene,$1B,$200M,NEC Corporation,United States,
946,Xendit,$1B,$535M,"Coatue, Insight Partners",Indonesia,
947,Gauntlet,$1B,$45M,Ribbit Capital,United States,
948,Aibee,$1B,$273M,Xiaomi,China,
949,Forward,$1B,$225M,"Founders Fund, SoftBank Vision Fund",United States,
950,Mux,$1B,$174M,Coatue,United States,
951,ShipBob,$1B,$331M,Bain Capital Ventures,United States,
952,VTS,$2B,$312M,CBRE Group,United States,
953,Maven Clinic,$1B,$292M,General Catalyst,United States,
954,Groq,$1B,$363M,"D1 Capital Partners, Tiger Global Management",United States,
955,Picsart,$1B,$195M,SoftBank Vision Fund,United States,https://picsart.com
956,Darwinbox,"$1,000M",$116M,State Bank of India,India,
957,Fabric,$1B,$336M,Temasek Holdings,United States,
958,Visier,$1B,$217M,Goldman Sachs Asset Management,Canada,
959,CHEQ,$1B,$182M,Tiger Global Management,Israel,http://www.o1015.ca
960,PandaDoc,$1B,$51M,"G Squared, OMERS Growth Equity",United States,https://www.pandadoc.com/
961,Feedzai,$1B,$277M,Conexo Ventures,Portugal,https://feedzai.com
962,Sentry,$3B,$217M,"Accel, Bond",United States,
963,Watershed,$1B,$84M,"Kleiner Perkins, Sequoia Capital",United States,
964,Instabase,$1B,$132M,Index Ventures,United States,http://www.instabase.com
965,Aqua Security,$1B,$265M,Capital One Ventures,United States,
966,Sisense,$1B,$275M,Insight Partners,United States,https://www.sisense.com/
967,Forte,$1B,$910M,Kora,United States,
968,Jellysmack,$1B,$16M,SoftBank Vision Fund,United States,
969,Infobip,$1B,$300M,One Equity Partners,United Kingdom,https://www.infobip.com
970,Timescale,$1B,$181M,Tiger Global Management,United States,
971,Amperity,$1B,$187M,HighSage Ventures,United States,
972,Ivalua,$1B,$134M,"Ardian, Tiger Global Management",France,
973,Kitopi,$2B,$804M,SoftBank Vision Fund,United Arab Emirates,
974,Commonwealth Fusion,$1B,$2B,Tiger Global Management,United States,
975,Drata,$2B,$328M,"GGV Capital, ICONIQ Growth",United States,
976,Locus Robotics,$2B,$416M,"G2 Venture Partners, Goldman Sachs Asset Management",United States,
977,Perch,$1B,$909M,SoftBank Vision Fund,United States,
978,Placer.ai,$1B,$193M,"Buckley Ventures, Josh Buckley",United States,
979,Ibotta,$1B,$93M,Koch Disruptive Technologies,United States,https://www.ibotta.com
980,Alto Pharmacy,$1B,$524M,SoftBank Vision Fund,United States,
981,Clearcover,$1B,$305M,Eldridge,United States,
982,Razor Group,$1B,$255M,L Catterton,Germany,
983,Skydio,$2B,$570M,Linse Capital,United States,http://www.skydio.com
984,Human Interest,$1B,$498M,BlackRock,United States,
985,Facily,$1B,$502M,"Goodwater Capital, Prosus",Brazil,
986,Thirty Madison,$1B,$210M,HealthQuest Capital,United States,
987,Nature’s Fynd,$1B,$463M,SoftBank Vision Fund,United States,http://naturesfynd.com
988,Printful,$1B,$130M,Bregal Sagemount,United States,
989,Standard Cognition,$1B,$239M,SoftBank Vision Fund,United States,
990,Dune Analytics,$1B,$79M,Coatue,Norway,
991,Resilience,$1B,$2B,Mubadala,United States,
992,OfferUp,$1B,$381M,Pobts,United States,https://offerup.com
993,Ajaib,$995M,$246M,DST Global,Indonesia,
994,Wisk Aero,$1B,$450M,The Boeing Company,United States,https://wisk.aero/
995,Udacity,$1B,$160M,Bertelsmann,United States,https://www.udacity.com/
996,GetYourGuide,$1B,$656M,Searchlight Capital Partners,Germany,https://www.getyourguide.com/
997,Hailo,$1B,$221M,"Gil Agmon, Poalim Equity",Israel,http://hailoapp.com
998,Binance,$1B,$89K,"Black Hole Capital, Funcity Capital",Malta,https://www.bnbchain.org
999,Go1,$2B,$384M,"AirTree Ventures, Five Sigma",Australia,
1000,Scandit,$1B,$273M,Warburg Pincus,Switzerland,https://www.scandit.com/
1001,PatSnap,$1B,$352M,"SoftBank Vision Fund, Tencent",Singapore,
1002,Quizlet,$1B,$62M,General Atlantic,United States,https://quizlet.com/
1003,Interos,$1B,$135M,Broadway Angels,United States,
1004,C2FO,$1B,$538M,Third Point Ventures,United States,https://www.c2fo.com
1005,Axelar Network,$1B,$64M,Crypto.com Capital,Canada,
1006,Masterworks,$1B,$110M,Left Lane Capital,United States,
1007,Hotmart,$1B,$127M,TCV,The Netherlands,
1008,FLYR Labs,$1B,$187M,WestCap,United States,
1009,YipitData,$1B,$492M,The Carlyle Group,United States,
1010,Bringg,$1B,$185M,Insight Partners,Israel,
1011,Clara,$1B,$169M,GGV Capital,Mexico,
1012,Entrata,$1B,$507M,"Ryan Smith, Silver Lake",United States,
1013,CommerceIQ,$1B,$196M,SoftBank Vision Fund,United States,
1014,Noname Security,$1B,$220M,"Georgian, Lightspeed Venture Partners",United States,
1015,SJ Semi,$2B,$920M,Walden International,China,
1016,EquipmentShare,$1B,$552M,BDT Capital Partners,United States,
1017,Betterfly,$1B,$205M,Glade Brook Capital Partners,Chile,
1018,Newsela,$1B,$172M,"Franklin Templeton Investments, TCV",United States,http://www.newsela.com
1019,Bluecore,$1B,$238M,Georgian,United States,
1020,Sidecar Health,$1B,$163M,Drive Capital,United States,https://sidecarhealth.com/
1021,Expel,$1B,$289M,"CapitalG, Paladin Capital Group",United States,
1022,EBANX,$1B,$460M,Advent International,Brazil,
1023,Owkin,$1B,$304M,Bristol Myers Squibb,United States,https://owkin.com/
1024,Flash Express,$2B,$781M,Buer Capital,Thailand,
1025,GoGuardian,$1B,$200M,Tiger Global Management,United States,https://www.goguardian.com
1026,FreshBooks,$1B,$156M,Accomplice,Canada,https://www.freshbooks.com/
1027,WeLab,$1B,$875M,Allianz X,Hong Kong,http://welab.co
1028,Cider,$1B,$140M,DST Global,Hong Kong,
1029,Omio,$1B,$376M,"Kinnevik, Temasek Holdings",Germany,https://omio.com
1030,MinIO,$1B,$126M,Intel Capital,United States,
1031,SnapLogic,$1B,$371M,Sixth Street Partners,United States,http://www.snaplogic.com
1032,Stytch,$1B,$126M,Coatue,United States,
1033,Mark43,$1B,$229M,"The Spruce House Partnership, Tiger Global Management",United States,
1034,DriveNets,$3B,$587M,D2 Investments,Israel,http://www.drivenets.com
1035,ReliaQuest,$1B,$330M,Kohlberg Kravis Roberts,United States,
1036,Evidation Health,$1B,$259M,"Kaiser Permanente Ventures, OMERS Private Equity",United States,
1037,Glia,$1B,$152M,Insight Partners,United States,
1038,FabFitFun,$1B,$162M,Milano Investment Partners SGR,United States,
1039,Dental Monitoring,$1B,$232M,Mérieux Equity Partners,France,
1040,Ample,$1B,$276M,Blackstone Group,United States,
1041,Kopi Kenangan,$1B,$333M,Tybourne Capital Management,Indonesia,
1042,Lessen,$2B,$735M,Legacy Knight,United States,https://www.lessines.be/
1043,Assent Inc.,$1B,$534M,Vista Equity Partners,Canada,
1044,MediaMath,$1B,$325M,Searchlight Capital Partners,United States,
1045,Movile,$1B,$588M,Prosus Ventures,Brazil,
1046,Solo.io,$1B,$172M,Altimeter Capital,United States,
1047,Wrapbook,$1B,$131M,Tiger Global Management,United States,
1048,Immunai,$1B,$295M,Koch Disruptive Technologies,United States,
1049,Chrono24,$1B,$206M,General Atlantic,Germany,
1050,HealthCare.com,$1B,$114M,Hildred Capital Partners,United States,
1051,The Zebra,$1B,$257M,Accel,United States,https://thezebra.com
1052,D2iq,$1B,$247M,"Koch Disruptive Technologies, T. Rowe Price",United States,
1053,Moore Threads,$1B,$529M,"China Mobile Innovation Industry Fund, Hexie Health Insurance",China,https://www.mthreads.com/
1054,Rothy's,$1B,$484M,Alpargatas,United States,https://rothys.com/
1055,HMD,$1B,$330M,Ginko Ventures,Finland,
1056,Simply (formerly JoyTunes),$1B,$92M,Google Ventures,Israel,
1057,Vagaro,$1B,$163M,FTV Capital,United States,https://www.vagaro.com
1058,Motorway,$1B,$276M,"ICONIQ Growth, Index Ventures",United Kingdom,
1059,Semios,$1B,$183M,Morningside Group,Canada,
1060,Emerging Markets Property Group (EMPG),$1B,$479M,Affinity Partners,United Arab Emirates,
1061,Patpat,$1B,$211M,SoftBank Vision Fund,China,
1062,Vantage Data Centers,$1B,$3B,Colony Capital,United States,
1063,Beisen,$1B,$388M,"Fidelity International, Goldman Sachs",China,
1064,Momenta,$1B,$1B,General Motors,China,https://www.momenta.ai/
1065,Injective,$1B,$57M,Jump Crypto,United States,
1066,Place,$1B,$100M,Goldman Sachs Asset Management,United States,
1067,ProLogium Technology,$1B,$537M,China Reform Health Management and Services Group Co Ltd,Taiwan,
1068,Fiture,$1B,$391M,"All-Stars Investment, BAI capital",China,
1069,TechStyle Fashion Group,$1B,$336M,Shining Capital,United States,http://www.techstyle.com/
1070,JMGO,$1B,$377M,"IDG Capital, Oppo",China,
1071,GoGoX,$1B,$377M,"BOCOM International, Cyberport Macro Fund",Hong Kong,
1072,Cadence Solutions,$1B,$141M,Coatue,United States,
1073,Scalapay,$1B,$443M,Poste Italiane,Italy,
1074,Mobvoi,$1B,$252M,Volkswagen Group,China,https://www.mobvoi.com
1075,HAEGIN,$1B,$129M,SK Telecom,South Korea,
1076,Fumi Technology,$1B,$238M,Gopher Asset Management,China,
1077,Pet Circle,$1B,$125M,"Prysm Capital, TDM Growth Partners",Australia,http://petcircle.com.au
1078,Fenbeitong,$1B,$292M,DST Global,China,
1079,MadeiraMadeira,$1B,$336M,"Dynamo, SOFTBANK Latin America Ventures",Brazil,
1080,Kujiale,$1B,$235M,Hillhouse Capital Group,China,
1081,Jollychic,$1B,$96M,G42,China,
1082,Agile Robots AG,$1B,$270M,Foxconn Industrial Internet,Germany,
1083,Hasura,$1B,$137M,Greenoaks,India,
1084,Deeproute,$1B,$350M,Alibaba Group,China,
1085,Orca Bio,$1B,$192M,Lightspeed Venture Partners,United States,
1086,EcoFlow Tech,$1B,$105M,Sequoia Capital China,United States,
1087,OrCam Technologies,$1B,$86M,"Clal Insurance Enterprises Holdings, Meitav Investment House",Israel,
1088,ABOUT YOU,$1B,$300M,Bestseller,Germany,
1089,Zopa,$1B,$886M,SoftBank Vision Fund,United Kingdom,
1090,Hujiang Education Technologies,$1B,$187M,China Minsheng Investment Group,China,
1091,Sightline Payments,$1B,$348M,JP Morgan,United States,
1092,Zhuanzhuan,$1B,$990M,Xiaomi,China,
1093,Pat McGrath Labs,$1B,$60M,Eurazeo,United States,
1094,Yunxuetang,$1B,$389M,Matrix Partners China,China,
1095,Maimai,$1B,$300M,DST Global,China,
1096,LMAX Group,$1B,$ 0.00,,United Kingdom,https://www.lmax.com
1097,BeiBei,$1B,$224M,"New Horizon Capital, Northern Light Venture Capital",China,http://beibei.gov.cn/
1098,Numbrs,$1B,$109M,Saidler & Co.,Switzerland,
1099,KKW Beauty,$1B,$200M,Coty,United States,
1100,Tezign,$1B,$51M,Temasek Holdings,China,
1101,Squirrel AI Learning,$1B,$190M,,China,
1102,VNLIFE,$1B,$550M,"Dragoneer Investment Group, General Atlantic",Vietnam,
1103,Kakao Enterprise,$1B,$100M,Hy,South Korea,
1104,Shield AI,$2B,$478M,US Innovative Technology Fund,United States,
1105,Moka,$1B,$144M,Tiger Global Management,China,
1106,Thought Machine,$3B,$563M,Temasek Holdings,United Kingdom,
1107,Interswitch,$1B,$321M,Visa,Nigeria,https://www.interswitchgroup.com/
1108,LinkDoc Technology,$1B,$253M,China Investment Corporation,China,
1109,Tresata,$1B,$51M,GCP Capital Partners,United States,
1110,MiningLamp,$1B,$787M,"Temasek Holdings, Tencent",China,
1111,Yaoshibang,$1B,$496M,Tiger Global Management,China,
1112,Mia.com,$1B,$232M,Baidu,China,
1113,Bitfury Group,$1B,$170M,Korelya Capital,The Netherlands,
1114,Benlai,$1B,$349M,Mingde Holdings,China,
1115,Terminus Technologies,$1B,$623M,Warburg Pincus,China,
1116,DXY,$1B,$682M,Trustbridge Partners,China,https://www.dxy.cn
1117,Jushuitan Network Technology,$1B,$206M,Goldman Sachs,China,
1118,Contrast Security,$1B,$269M,Liberty Strategic Capital,United States,
1119,TrialSpark,$1B,$156M,"Lachy Groom, Sam Altman",United States,
1120,58 Daojia,$1B,$300M,,China,
1121,Geek+,$2B,$539M,CPE,China,
1122,YunQuNa,$1B,$257M,"CITIC Capital Holdings, Source Code Capital",China,
1123,Cameo,$1B,$166M,Headline,United States,
1124,Banma Network Technologies,$1B,$697M,SDIC Fund Management,China,
1125,Mofang Gongyu,$1B,$650M,Caisse de Depot et Placement du Quebec,China,
1126,Playco,$1B,$144M,Meta,Japan,
1127,Huikedu Group,$1B,$302M,China Oceanwide,China,
1128,Knowbox,$1B,$306M,Alibaba Group,China,
1129,Yidian Zixun,$1B,$151M,Long De Cheng Zhang Culture Communication,China,
1130,Qualia,$1B,$160M,Tiger Global Management,United States,
1131,Zwift,$1B,$620M,Kohlberg Kravis Roberts,United States,
1132,Arrail Dental Clinic,$1B,$400M,Temasek Holdings,China,
1133,Red Ventures,$1B,$250M,Silver Lake,United States,https://www.redventures.com/
1134,Zhaogang.com,$1B,$379M,West Fund,China,
1135,Aircall,$1B,$226M,HubSpot Ventures,France,https://aircall.io/
1136,Orbbec,$1B,$200M,Ant Group,China,
1137,COSMOplat,$1B,$162M,China Development Bank,China,
1138,Xforceplus,$1B,$200M,Temasek Holdings,China,
1139,HT Aero,$1B,$500M,"5Y Capital, IDG Capital",China,
1140,Mammoth Biosciences,$1B,$265M,Redmile Group,United States,
1141,YH Global,$1B,$182M,"HNF, Yonghua Capital",China,
1142,Haomo.AI,$1B,$157M,Bank of China Group Investment,China,
1143,Ninebot,$1B,$247M,"China Mobile Innovation Industry Fund, SDIC Fund Management",China,
1144,Unisound,$1B,$361M,"China Internet Investment Fund, China Ministry of Finance",China,https://www.unisound.com
1145,REEF,$1B,$2B,"Mubadala Capital Ventures, SoftBank",United States,
1146,iFood,$5B,$592M,"Movile, Prosus & Naspers",Brazil,https://www.ifood.com.br/
1147,Capsule,$1B,$570M,Durable Capital Partners,United States,
1148,Verily,$1B,$4B,Google,United States,https://verily.com
1149,Quantum Metric,$1B,$226M,Insight Partners,United States,
1150,FXiaoKe,$1B,$283M,CDH Investments,China,
1151,SmartAsset,$1B,$161M,TTV Capital,United States,https://smartasset.com
1152,Lookout,$1B,$282M,T. Rowe Price,United States,
1153,Fractal Analytics,$1B,$685M,TPG Capital Asia,United States,https://fractal.ai/
1154,Yidao Yongche,$1B,$790M,China CITIC Bank,China,
1155,Xiaozhu.com,$1B,$572M,"Advantech Capital, YF Capital",China,
1156,Hyperchain Technologies,$1B,$250M,"E Fund Management Co.,LTD.",China,
1157,Moviebook,$1B,$302M,Yao Capital,China,
1158,KLOOK,$1B,$722M,Aspex Management,Hong Kong,
1159,VOI Technology,$1B,$516M,"The Raine Group, VNV Global",Sweden,
1160,Anyscale,$1B,$259M,"Addition, Intel Capital",United States,
1161,Newlink,$1B,$699M,Bain Capital,China,
1162,Chronosphere,$2B,$342M,"Geodesic Capital, Google Ventures",United States,
1163,Tenglong Holding Group,$1B,$4B,"Morgan Stanley Venture Partners, Nanshan Capital",China,
1164,Qiniu,$1B,$397M,YF Capital,China,
1165,Weights & Biases,$1B,$200M,NVIDIA,United States,
1166,APUS Group,$1B,$116M,"Chengwei Capital, Qiming Venture Partners",China,https://www.apusapps.com
1167,Tencent Trusted Doctors,$1B,$255M,"Sequoia Capital China, Tencent",China,
1168,Heyday,$1B,$800M,"PremjiInvest, The Raine Group",United States,
1169,Orchard,$1B,$252M,Accomplice,United States,
1170,Infarm,$1B,$600M,Qatar Investment Authority,Germany,
1171,InvestCloud,$1B,$54M,"Clearlake Capital Group, Motive Partners",United States,
1172,Revolution Precrafted,$1B,$15M,K2 Global,Philippines,
1173,sennder,$1B,$340M,Baillie Gifford,Germany,
1174,Womai,$1B,$330M,Taikang Life Insurance,China,http://www.womai.com
1175,Haydon,$1B,$100M,"Hillhouse Capital Group, Tencent",China,
1176,Lamabang,$1B,$130M,Suning.com,China,
1177,Tenstorrent,$1B,$235M,Fidelity Management and Research Company,Canada,
1178,1KMXC,$1B,$86M,Haoteng Asia,China,
1179,Vise,$1B,$128M,Ribbit Capital,United States,
1180,Augury,$1B,$294M,Baker Hughes,United States,
1181,Amount,$1B,$283M,WestCap,United States,
1182,Lydia,$1B,$260M,"Accel, Dragoneer Investment Group",France,
1183,SmartMi International Limited,$1B,$50M,GIC,China,
1184,G42,$1B,$ 0.00,Mubadala,United Arab Emirates,
1185,Qingju,$1B,$2B,Didi,China,
1186,Wifi Skeleton Key,$1B,$52M,Eight Roads Ventures,China,
1187,Pentera,$1B,$190M,"K1 Investment Management, LLC",Israel,
1188,Meero,$1B,$293M,"Avenir Growth Capital, Eurazeo",France,https://www.meero.com/
1189,Shouqi Limousine & Chauffeur,$1B,$140M,"Baidu, NIO Capital",China,
1190,Huasheng Haoche,$1B,$360M,Crescent Group (Crescent Point),China,
1191,Swile,"$1,000M",$326M,SoftBank,France,
1192,Emplifi,$1B,$ 0.00,Sixth Street Partners,United States,https://emplifi.io/
1193,CargoX,$1B,$390M,"SOFTBANK Latin America Ventures, Tencent",Brazil,
1194,XTransfer,$1B,$168M,D1 Capital Partners,China,
1195,Lianshang Literature,$1B,$20M,HOPU Investment Management Company,China,
1196,GeoComply,$1B,$ 0.00,"Arctos Sports Partners, Norwest Venture Partners",Canada,
1197,Carson Group,$1B,$ 0.00,Bain Capital,United States,
1198,Iodine Software,$1B,$ 0.00,Advent International,United States,
1199,Kendra Scott Design,$1B,$ 0.00,Berkshire Partners,United States,
1200,VNG,$1B,$500K,CyberAgent Capital,Vietnam,
1201,JD.ID,$1B,$ 0.00,Gojek,Indonesia,https://jd.com/
1202,Grupo Axo,$1B,$ 0.00,BlackRock Private Equity Partners,Mexico,
1203,Xiaoice,$1B,$138M,Hillhouse Capital Group,China,
1204,assembly,$1B,$ 0.00,Advent International,United States,
1205,POIZON,$1B,$ 0.00,DST Global,Hong Kong,
1206,ZigBang,$2B,$204M,Shinhan Venture Investment,South Korea,
1207,Astera Labs,$3B,$206M,Fidelity Management and Research Company,United States,
1208,SingleStore,$1B,$414M,"Goldman Sachs, Prosperity7 Ventures",United States,http://www.memsql.com/
1209,Shiprocket,$1B,$387M,"Lightrock, Temasek Holdings",India,
1210,Rimac Group,$2B,$876M,"Goldman Sachs, SoftBank Vision Fund",Croatia,
1211,Material Bank,$2B,$323M,Brookfield Growth,United States,https://www.materialbank.com/
1212,Quikr,$900M,$334M,"Kinnevik, Tiger Global Management",India,https://www.quikr.com
1213,Multiverse,$2B,$414M,"General Catalyst, Lightspeed Venture Partners",United Kingdom,
1214,DataStax,$2B,$343M,GS Growth,United States,https://www.datastax.com
1215,Beamery,$1B,$223M,Teachers’ Venture Growth,United Kingdom,
1216,Biofourmis,$1B,$464M,Intel Capital,United States,
1217,Purplle,$1B,$296M,Paramark Ventures,India,
1218,FPL Technologies,$1B,$225M,MacRitchie Investments,India,
1219,MobiKwik,$1B,$149M,Abu Dhabi Investment Authority,India,https://www.mobikwik.com
1220,Imply,$1B,$215M,Thoma Bravo,United States,
1221,Wasabi Technologies,$1B,$397M,"Azura Partners, SiS Distribution Thailand",United States,http://wasabi.com
1222,Kindbody,$2B,$206M,Morgan Health,United States,
1223,Kushki,$2B,$194M,Kaszek,Ecuador,
1224,Prosper Marketplace,$550M,$414M,Eight Roads Ventures,United States,https://www.prosper.com
1225,OneFootball,$1B,$442M,Liberty City Ventures,Germany,https://onefootball.com/de/home
1226,Factorial,$1B,$220M,Atomico,Spain,
1227,Lime,$510M,$935M,Uber,United States,
1228,Open,$1B,$187M,IIFL Finance,India,
1229,Tridge,$3B,$114M,DS Asset Management,South Korea,
1230,Vanta,$2B,$203M,CrowdStrike,United States,
1231,Abnormal Security,$4B,$284M,CrowdStrike Falcon Fund,United States,
1232,Newfront,$2B,$310M,"B Capital Group, Goldman Sachs Asset Management",United States,
1233,LeVP,$355M,$240M,Sunac China Holdings,China,
1234,Rapid,$1B,$273M,SoftBank Vision Fund,United States,
1235,Genies,$1B,$267M,Silver Lake,United States,
1236,Snapdeal,$7B,$2B,Anand Piramal,India,https://www.snapdeal.com
1237,PhonePe,$12B,$2B,General Atlantic,India,https://www.phonepe.com
1238,Meesho,$5B,$1B,"B Capital Group, Fidelity Management and Research Company",India,
1239,Moglix,$3B,$472M,"Alpha Wave Global, Tiger Global Management",Singapore,
1240,Yubi,$1B,$227M,"B Capital Group, Dragoneer Investment Group",India,https://www.go-yubi.com/
1241,Salsify,$2B,$453M,TPG,United States,
1242,Rad Power Bikes,$2B,$329M,Fidelity Management and Research Company,United States,
1243,Coda Payments,$2B,$715M,"GIC, Insight Partners",Singapore,
1244,MSquared,$1B,$150M,"Andreessen Horowitz, SoftBank Vision Fund",United Kingdom,
1245,Tata Passenger Electric Mobility,$9B,$988M,TPG Rise Climate Fund,India,https://www.tatamotors.com/
1246,Clipboard Health,$1B,$94M,Sequoia Capital,United States,
1247,Oyster HR,$1B,$224M,Georgian,United States,
1248,UPSIDE Foods,$1B,$598M,"Abu Dhabi Growth Fund, Temasek Holdings",United States,
1249,The Boring Company,$10B,$913M,"Sequoia Capital, Vy Capital",United States,https://boringcompany.com
1250,NexHealth,$1B,$177M,Buckley Ventures,United States,
1251,Instabox,$1B,$292M,Swedbank Robur,Sweden,
1252,Crusoe Energy Systems,$2B,$513M,G2 Venture Partners,United States,
1253,Divergent,$1B,$348M,Hexagon,United States,
1254,SonarSource,$5B,$457M,"Advent International, General Catalyst",Switzerland,https://www.sonarsource.com
1255,Movable Ink,$1B,$97M,Silver Lake Waterman,United States,
1256,Taxfix,$1B,$330M,Ontario Teachers' Pension Plan,Germany,https://taxfix.de/en/
1257,iSpot.tv,$1B,$383M,Goldman Sachs,United States,
1258,Upside,$2B,$65M,General Catalyst,United States,
1259,Teleport,$1B,$169M,Bessemer Venture Partners,United States,
1260,Group14 Technologies,$3B,$649M,Porsche,United States,
1261,Good Choice Company,$1B,$39M,,South Korea,
1262,iCIMS,$3B,$93M,TA Associates,United States,https://www.icims.com/
1263,Polarium,$1B,$124M,AMF,Sweden,
1264,Anthropic,$4B,$1B,Spark Capital,United States,https://anthropic.com/
1265,KuCoin,$10B,$180M,Susquehanna International Group (SIG),Seychelles,
1266,Hugging Face,$2B,$160M,Lux Capital,United States,https://huggingface.co/
1267,Arcadia,$2B,$490M,Magnetar Capital,United States,
1268,Mashgin,$2B,$74M,New Enterprise Associates,United States,
1269,Paddle,$1B,$293M,Kohlberg Kravis Roberts,United Kingdom,
1270,Talos,$1B,$145M,General Atlantic,United States,
1271,reMarkable,$1B,$24M,Spark Capital,Norway,https://remarkable.com/
1272,Material Security,$1B,$162M,Founders Fund,United States,
1273,Habi,$1B,$316M,"Homebrew, SOFTBANK Latin America Ventures",Colombia,
1274,Dock,$2B,$280M,"Lightrock, Silver Lake Waterman",Brazil,
1275,Optibus,$1B,$260M,Volvo Group Venture Capital,Israel,http://correo.leon.gob.mx/admon03_06/transporte/sitioweb/
1276,Unit,$1B,$170M,Insight Partners,United States,
1277,Glean,$1B,$155M,Sequoia Capital,United States,
1278,OHouse,$1B,$259M,Bond,South Korea,
1279,Caribou,$1B,$189M,Goldman Sachs,United States,
1280,Opn,$1B,$220M,"SCB 10X, SPARX Group",Japan,
1281,Monte Carlo,$2B,$236M,IVP,United States,
1282,Babel Finance,$2B,$120M,"10T Holdings, Jeneration Capital",Hong Kong,
1283,Nowports,$1B,$243M,SOFTBANK Latin America Ventures,Mexico,
1284,Semperis,$1B,$240M,Kohlberg Kravis Roberts,United States,
1285,TransferMate,$1B,$130M,RPMI Railpen,Ireland,https://www.transfermate.com
1286,Kunlun,$2B,$ 0.00,CPE,China,
1287,ZipHQ,$1B,$81M,Y Combinator Continuity Fund,United States,
1288,Velocity Global,$1B,$500M,"Eldridge, Norwest Venture Partners",United States,
1289,ROX Motor,$2B,$420M,"IDG Capital, Tencent",China,
1290,NIUTRON,$1B,$500M,"Coatue, IDG Capital",China,
1291,Clear Street,$2B,$470M,Prysm Capital,United States,
1292,JupiterOne,$1B,$119M,Tribe Capital,United States,
1293,Ultima Genomics,$1B,$600M,,United States,
1294,Perimeter 81,$1B,$165M,B Capital Group,Israel,https://www.perimeter81.com
1295,Vayyar,$2B,$296M,Koch Disruptive Technologies,Israel,https://vayyar.com
1296,Physics Wallah,$1B,$100M,"GSV Ventures, Westbridge Capital",India,https://physicswallah.org/
1297,Backbase,$3B,$129M,Motive Partners,The Netherlands,https://backbase.com
1298,Immuta,$1B,$258M,ServiceNow,United States,
1299,Invoca,$1B,$201M,Silver Lake Waterman,United States,
1300,Cirkul,$1B,$112M,SC.Holdings,United States,
1301,Scivita Medical Technology,$1B,$124M,"GL Ventures, Lilly Asia Ventures",China,
1302,EcoVadis,$1B,$733M,"Astorg, Beyond Net Zero",France,
1303,AlphaSense,$2B,$590M,CapitalG,United States,
1304,airSlate,$1B,$132M,G Squared,United States,
1305,Branch,$1B,$230M,Weatherford Capital,United States,
1306,MegaRobo,$1B,$426M,"Asia Investment Capital, GGV Capital",China,
1307,Recover,$1B,$100M,Goldman Sachs Asset Management,Spain,
1308,Vendr,$1B,$216M,"Craft Ventures, SoftBank Vision Fund",United States,
1309,Turntide Technologies,$1B,$266M,OGCI Climate Investments,United States,
1310,Magic Eden,$2B,$170M,"Electric Capital, Greylock",United States,
1311,Juwan Technology,$1B,$166M,Guangzhou Automobile Group,China,
1312,LeadSquared,"$1,000M",$188M,Westbridge Capital,India,
1313,MNTN,$1B,$184M,"BlackRock, Fidelity Management and Research Company",United States,
1314,thatgamecompany,$1B,$189M,NetEase Capital,United States,https://thatgamecompany.com/
1315,Zongmu,$1B,$376M,"Caitong Capital, Dongyang State-Owned Assets Investment",China,
1316,Yunyinggu,$1B,$121M,Sequoia Capital China,China,
1317,SumUp,$8B,$682M,Bain Capital Tech Opportunities,United Kingdom,https://sumup.co.uk/
1318,Pave,$2B,$163M,Index Ventures,United States,
1319,Front,$2B,$204M,"Battery Ventures, Salesforce Ventures",United States,
1320,Electrify America,$2B,$450M,Siemens Financial Services,United States,https://www.electrifyamerica.com/
1321,Arqiva,$1B,$ 0.00,Canada Pension Plan Investment Board,United Kingdom,https://www.arqiva.com
1322,Insilico Medicine,$860M,$400M,Prosperity7 Ventures,Hong Kong,https://insilico.com
1323,Visby Medical,$1B,$328M,Lightrock,United States,
1324,Jaguar Microsystems,$1B,$ 0.00,Tencent,China,
1325,FourKites,$1B,$242M,Mitsui & Co,United States,
1326,ENOVATE Motors,$4B,$1B,,China,
1327,Flexe,$1B,$263M,BlackRock,United States,
1328,VulcanForms,$895M,$355M,Eclipse Ventures,United States,
1329,Tebra,$1B,$137M,Golub Capital,United States,
1330,JLSemi,$1B,$90M,"Renchen Semiconductor, Summitview Capital",China,
1331,5ire,$2B,$121M,SRAM & MRAM,United Kingdom,
1332,Stori,$1B,$225M,"BAI capital, GGV Capital",Mexico,
1333,ClassDojo,$1B,$191M,Tencent,United States,http://classdojo.com
1334,Exterro,$1B,$100M,"Coller Capital, Glendower Capital",United States,
1335,Wonder,$4B,$750M,Bain Capital Ventures,United States,
1336,Copper,$2B,$266M,"Barclays Ventures, Tiger Global Management",United Kingdom,
1337,MegazoneCloud,$2B,$673M,"IMM Private Equity, MBK Partners",South Korea,
1338,Unstoppable Domains,$1B,$72M,Pantera Capital,United States,
1339,Lionheart Studio,$3B,$9M,"Kakao Games, Wemade",South Korea,
1340,Everside Health,$1B,$329M,New Enterprise Associates,United States,
1341,OpenAI,$29B,$11B,Microsoft,United States,
1342,Prodege,$1B,$60M,Great Hill Partners,United States,http://www.prodege.com
1343,Paystand,$1B,$98M,NewView Capital,United States,https://www.paystand.com
1344,Younited,$1B,$444M,"Bridgepoint, Goldman Sachs",France,
1345,Freenome,$1B,$1B,Roche,United States,
1346,Reliance Retail,$63B,$6B,Saudi Arabia's Public Investment Fund,India,https://www.relianceretail.com/
1347,Reliance Jio,$58B,$20B,Google,India,http://www.jio.com
1348,FNZ,$20B,$1B,"CPP Investments, Motive Partners",United Kingdom,
1349,Radiology Partners,$4B,$1B,Starr Investment Holdings LLC,United States,
1350,iFIT,$3B,$580M,L Catterton,United States,
1351,JOLED,$2B,$838M,CSOT,Japan,http://www.j-oled.com/
1352,DANA Wallet Indonesia,$1B,$250M,Sinar Mas Group,Indonesia,
1353,Orna Therapeutics,$2B,$321M,Merck,United States,
1354,Incredible Health,$2B,$97M,444 Capital,United States,
1355,Flow,$1B,$350M,Andreessen Horowitz,United States,
1356,SAIC Mobility,$1B,$193M,SAIC Motor,China,
1357,Sunwoda Electric Vehicle Battery,$4B,$885M,"Broad Vision Funds, Co-Stone Venture Capital",China,
1358,TerraPower,$1B,$750M,"Bill Gates, SK Group",United States,http://terrapower.com
1359,Oasis Market,$875M,$71M,Home & Shopping,South Korea,
1360,EV Co.,$9B,$486M,,India,
1361,Zhiji Auto,$4B,$444M,BOCOM International,China,
1362,Upstox,$4B,$143M,Tiger Global Management,India,
1363,SeatGeek,$1B,$400M,Accel,United States,https://seatgeek.com
1364,1mg,$1B,$200M,Tata Digital,India,
1365,21.co,$2B,$35M,Marshall Wace,Switzerland,
1366,Zebec,$1B,$43M,"Distributed Global, Solana Ventures",United States,
1367,TeraWatt Infrastructure,$1B,$1B,Vision Ridge Capital Partners,United States,
1368,Swiftly,$1B,$216M,BRV Capital Management,United States,
1369,Immutable Systems,$3B,$280M,Temasek Holdings,Australia,
1370,Molbio Diagnostics,$2B,$117M,Temasek Holdings,India,
1371,LINE MAN Wongnai,$1B,$375M,"GIC, LINE Plus Corporation",Thailand,
1372,Satispay,$1B,$471M,Addition,Italy,
1373,Rakuten Securities,$3B,$ 0.00,,Japan,
1374,Equashield,$1B,$ 0.00,,United States,
1375,Kredivo Holdings,$2B,$530M,Mizuho Bank,Indonesia,
1376,Stability AI,$1B,$99M,"Coatue, Lightspeed Venture Partners",United Kingdom,
1377,Uniswap,$2B,$176M,Polychain,United States,
1378,Form Energy,$1B,$815M,"The Rise Fund, TPG Rise Climate Fund",United States,
1379,Mavenir,$1B,$860M,Siris Capital Group,United States,http://mavenir.com
1380,Jasper,$2B,$131M,Insight Partners,United States,
1381,Celestia,$1B,$57M,"Bain Capital Crypto, Polychain",Liechtenstein,
1382,GAC Aion New Energy Automobile,$14B,$3B,,China,
1383,Jetti Resources,$3B,$169M,BMW i Ventures,United States,
1384,Bilt Rewards,$2B,$213M,Left Lane Capital,United States,
1385,Wealthfront,$1B,$205M,UBS,United States,https://www.wealthfront.com
1386,Vesttoo,$1B,$103M,Mouro Capital,Israel,
1387,Aptean,$4B,$50M,Charlesbank Capital Partners,United States,
1388,boAt,$1B,$108M,Qualcomm Ventures,India,
1389,Xanadu,$1B,$231M,Georgian,Canada,
1390,Beijing Weilan New Energy Technology,$2B,$303M,China State-owned Enterprise Mixed Ownership Reform Fund,China,
1391,Wayve,$1B,$257M,Eclipse Ventures,United Kingdom,
1392,Voyah,$4B,$702M,,Japan,
1393,ABB E-Mobility,$3B,$358M,,,
1394,JIANGXIAOBAI,$2B,$453M,China Renaissance,China,https://www.jiangjidistillery.com
1395,SemiDrive,$1B,$366M,Shang Qi Capital,China,
1396,SFCC,$2B,$817M,,China,
1397,MasterControl,$1B,$150M,Sixth Street Partners,United States,
1398,Mysten Labs,$2B,$336M,FTX Ventures,United States,
1399,Vital Thin Film Materials,$2B,$815M,CICC,China,
1400,Soterea,$1B,$204M,Ping An Capital,China,
1401,SVOLT,$6B,$3B,Bank of China Group Investment,China,
1402,Cerebral,$5B,$462M,SoftBank Vision Fund,United States,
1403,Remote,$3B,$496M,SoftBank Vision Fund,United States,
1404,Maropost,$2B,$ 0.00,,Canada,
1405,Redesign Health,$2B,$315M,General Catalyst,United States,
1406,Innovusion,$1B,$278M,Hermitage Capital,United States,
1407,HeadSpin,$1B,$91M,Atlassian Ventures,United States,
1408,Teld New Energy,$1B,$396M,"CDH Investments, China Reform Holdings Corporation",China,
1409,Fever,$2B,$409M,Goldman Sachs,United States,
1410,Cambridge Mobile Telematics,$1B,$503M,SoftBank Vision Fund,United States,
1411,Gokin Solar,$1B,$616M,"IDG Capital, Zhuhai Huafa Group",Japan,
1412,Tessera Therapeutics,$2B,$532M,"Alaska Permanent Fund, SoftBank Vision Fund",United States,
1413,DeepL,$1B,$100M,IVP,Germany,
1414,ShiftKey,$2B,$300M,Lorient Capital,United States,
1415,Dream11,$8B,$1B,"D1 Capital Partners, DST Global",India,https://www.dream11.com
1416,Xpansiv,$2B,$278M,"Bank of America, Goldman Sachs",United States,
1417,Greenlight,$2B,$557M,Andreessen Horowitz,United States,
1418,MNT-Halan,$1B,$380M,Chimera Investment,Egypt,
1419,Our Next Energy,$1B,$390M,"Fifth Wall, Franklin Templeton",United States,
1420,Yuze Semiconductor,$1B,$177M,,China,
1421,Huasun Energy,$1B,$353M,Hongtai Fund,China,
1422,Astronergy,$1B,$219M,Yunhao Capital,China,
1423,Chint Anneng Digital Energy,$2B,$729M,,China,
1424,Atmosphere,$1B,$194M,"S3 Ventures, Sageview Capital",United States,
1425,Parametrix.ai,$1B,$130M,Sequoia Capital China,China,
1426,Kelun Biotech,$1B,$278M,CMG-SDIC Capital Management,China,
1427,Aqara,$1B,$272M,Shenzhen Capital Group,China,
1428,Colossal Biosciences,$1B,$225M,US Innovative Technology Fund,United States,
1429,LIQUiDITY Group,$1B,$114M,MUFG Bank,United States,
1430,Bluepha,$1B,$303M,Zhongping Capital,China,
1431,Character.ai,$1B,$150M,Andreessen Horowitz,,https://character.ai
1432,Tianyu Semiconductor,$2B,$177M,,China,
1433,SiEngine Technology,$1B,$220M,Sequoia Capital China,China,
1434,Qinghai Lihao,$2B,$306M,,China,
1435,CanSemi,$1B,$981M,Guangzhou Industrial Investment Group,China,
1436,Fujian Deer Technology,$2B,$290M,,China,
1437,Zhenkunxing,$2B,$999M,YF Capital,China,
1438,Kunlun Core,$2B,$ 0.00,CPE,China,
1439,United Aircraft,$1B,$291M,Chengdu Heavy Industry Qingyue Fund,,
1440,Adept AI,$145K,$415M,"General Catalyst, Spark Capital",United States,
1441,Lotus Technology,$5B,$ 0.00,,China,
1442,Quantexa,$2B,$370M,GIC,United Kingdom,
1443,Replit,$1B,$202M,Andreessen Horowitz,United States,https://replit.com
1444,Ava Labs,$5B,$640M,,United States,
1445,Scroll.io,$2B,$80M,Qiming Venture Partners,Seychelles,
1446,Raisin,$1B,$301M,M&G Investments,Germany,
1447,Wilson Wolf Corporation,$1B,$257M,Bio-Techne,United States,
1448,BFMeta,$1B,$ 0.00,Goldman Sachs,United States,
1449,Amarenco,$1B,$515M,Arjun Infrastructure Partners,Ireland,
1450,B&C Chemical,$1B,$133M,"China Development Bank Capital, Zhongping Capital",China,
1451,CoreWeave,$2B,$277M,Magnetar Capital,United States,
1452,Ohmium,$1B,$295M,TPG Rise Climate Fund,United States,
1453,Paulo Bear,$2B,$120M,Sequoia Capital,,
